"Player","Pos","Team
                    Currently With","Age
                    At Signing","Start","End","Yrs","Value","AAV","Signing Bonus","2-Year Cash","3-Year Cash"
"Juan Soto","RF","NYM
                 NYM","26","2025","2039","15","$765,000,000","$51,000,000","$75,000,000","$169,250,000","$211,750,000"
"Shohei Ohtani","DH","LAD
                 LAD","29","2024","2033","10","$700,000,000","$70,000,000","","$4,000,000","$6,000,000"
"Vladimir Guerrero Jr.","1B","TOR
                 TOR","26","2026","2039","14","$500,000,000","$35,714,286","$325,000,000","$61,050,000","$93,050,000"
"Mike Trout","RF","LAA
                 LAA","27","2019","2030","12","$426,500,000","$35,541,667","$20,000,000","$49,433,333","$84,933,333"
"Mookie Betts","RF","LAD
                 LAD","28","2021","2032","12","$365,000,000","$30,416,667","$65,000,000","$29,000,000","$46,000,000"
"Aaron Judge","CF","NYY
                 NYY","30","2023","2031","9","$360,000,000","$40,000,000","","$80,000,000","$120,000,000"
"Manny Machado","3B","SD
                 SD","30","2023","2033","11","$350,000,000","$31,818,182","$45,000,000","$36,000,000","$49,000,000"
"Francisco Lindor","SS","NYM
                 NYM","28","2022","2031","10","$341,000,000","$34,100,000","$21,000,000","$75,050,000","$102,125,000"
"Fernando Tatis Jr.","SS","SD
                 SD","22","2021","2034","14","$340,000,000","$24,285,714","$10,000,000","$14,489,011","$20,106,295"
"Bryce Harper","1B","PHI
                 PHI","26","2019","2031","13","$330,000,000","$25,384,615","$20,000,000","$39,629,629","$66,179,629"
"Yoshinobu Yamamoto","SP","LAD
                 LAD","25","2024","2035","12","$325,000,000","$27,083,333","$50,000,000","$65,000,000","$77,000,000"
"Corey Seager","SS","TEX
                 TEX","27","2022","2031","10","$325,000,000","$32,500,000","$5,000,000","$72,500,000","$107,000,000"
"Giancarlo Stanton","RF","NYY
                 NYY","25","2015","2027","13","$325,000,000","$25,000,000","","$15,550,000","$30,050,000"
"Gerrit Cole","SP","NYY
                 NYY","29","2020","2028","9","$324,000,000","$36,000,000","","$49,333,333","$85,333,333"
"Rafael Devers","3B","SF
                 SF","26","2023","2033","10","$313,500,000","$31,350,000","$20,000,000","$47,500,000","$62,942,608"
"Trea Turner","SS","PHI
                 PHI","29","2023","2033","11","$300,000,000","$27,272,727","","$54,595,454","$81,868,181"
"Bobby Witt Jr.","SS","KC
                 KC","23","2024","2037","11","$288,777,777","$26,252,525","$7,777,777","$16,977,777","$29,977,777"
"Xander Bogaerts","2B","SD
                 SD","30","2023","2033","11","$280,000,000","$25,454,545","$5,000,000","$55,000,000","$80,000,000"
"Nolan Arenado","3B","ARI
                 ARI","27","2019","2027","8","$260,000,000","$32,500,000","","$39,037,963","$39,658,463"
"Anthony Rendon","3B","LAA
                 LAA","29","2020","2026","7","$245,000,000","$35,000,000","$4,000,000","$40,944,444","$76,944,444"
"Kyle Tucker","RF","LAD
                 LAD","28","2026","2029","4","$240,000,000","$60,000,000","$64,000,000","$110,000,000","$160,000,000"
"Max Fried","SP","NYY
                 NYY","30","2025","2032","8","$218,000,000","$27,250,000","$20,000,000","$44,000,000","$73,000,000"
"Austin Riley","3B","ATL
                 ATL","25","2023","2033","10","$212,000,000","$21,200,000","","$36,000,000","$58,000,000"
"Dylan Cease","SP","TOR
                 TOR","29","2026","2032","7","$210,000,000","$30,000,000","$23,000,000","$56,050,000","$76,050,000"
"Corbin Burnes","SP","ARI
                 ARI","30","2025","2030","6","$210,000,000","$35,000,000","$10,000,000","$50,000,000","$74,000,000"
"Julio Rodriguez","CF","SEA
                 SEA","21","2023","2034","12","$209,300,000","$17,441,667","$15,000,000","$29,325,000","$47,350,000"
"Carlos Correa","SS","HOU
                 HOU","28","2023","2032","6","$200,000,000","$33,333,333","","$72,100,000","$80,519,355"
"Christian Yelich","LF","MIL
                 MIL","28","2020","2029","7","$188,500,000","$26,928,571","","$18,629,630","$40,629,630"
"Jacob deGrom","SP","TEX
                 TEX","34","2023","2027","5","$185,000,000","$37,000,000","","$70,000,000","$110,100,000"
"Willy Adames","SS","SF
                 SF","29","2025","2031","7","$182,000,000","$26,000,000","$22,000,000","$42,000,000","$70,000,000"
"Blake Snell","SP","LAD
                 LAD","31","2025","2030","5","$182,000,000","$36,400,000","$52,000,000","$77,600,000","$90,400,000"
"Kris Bryant","1B","COL
                 COL","30","2022","2028","7","$182,000,000","$26,000,000","$7,000,000","$51,000,000","$78,000,000"
"Wander Franco","SS","TB
                 TB","20","2022","2033","11","$182,000,000","$16,545,455","$5,000,000","$7,483,856","$8,042,996"
"Dansby Swanson","SS","CHC
                 CHC","28","2023","2029","7","$177,000,000","$25,285,714","$7,000,000","$45,000,000","$72,000,000"
"José Ramírez","3B","CLE
                 CLE","33","2026","2032","7","$175,000,000","$25,000,000","","$30,000,000","$45,000,000"
"Alex Bregman","3B","CHC
                 CHC","31","2026","2030","5","$175,000,000","$35,000,000","","$45,000,000","$70,000,000"
"Marcus Semien","2B","NYM
                 NYM","31","2022","2028","7","$175,000,000","$25,000,000","","$51,000,000","$77,000,000"
"Aaron Nola","SP","PHI
                 PHI","30","2024","2030","7","$172,000,000","$24,571,429","","$49,142,856","$73,714,284"
"Garrett Crochet","SP","BOS
                 BOS","25","2026","2031","6","$170,000,000","$28,333,333","$4,000,000","$56,000,000","$84,000,000"
"Matt Olson","1B","ATL
                 ATL","27","2022","2030","8","$168,000,000","$21,000,000","","$36,000,000","$58,000,000"
"Cody Bellinger","CF","NYY
                 NYY","30","2026","2030","5","$162,500,000","$32,500,000","$20,000,000","$85,000,000","$110,800,000"
"Carlos Rodon","SP","NYY
                 NYY","30","2023","2028","6","$162,000,000","$27,000,000","$5,000,000","$54,000,000","$81,000,000"
"Brandon Nimmo","LF","TEX
                 TEX","29","2023","2030","8","$162,000,000","$20,250,000","$2,000,000","$40,500,000","$60,750,000"
"Freddie Freeman","1B","LAD
                 LAD","32","2022","2027","6","$162,000,000","$27,000,000","","$40,000,000","$60,000,000"
"Pete Alonso","1B","BAL
                 BAL","31","2026","2030","5","$155,000,000","$31,000,000","$12,500,000","$62,000,000","$93,000,000"
"Matt Chapman","3B","SF
                 SF","31","2025","2030","6","$151,000,000","$25,166,667","$1,000,000","$51,000,000","$76,000,000"
"Kevin McGonigle","3B","DET
                 DET","21","2027","2034","8","$150,000,000","$18,750,000","$14,000,000","$22,000,000","$38,000,000"
"Kyle Schwarber","DH","PHI
                 PHI","32","2026","2030","5","$150,000,000","$30,000,000","$15,000,000","$60,000,000","$90,000,000"
"George Springer","RF","TOR
                 TOR","31","2021","2026","6","$150,000,000","$25,000,000","$10,000,000","$60,000,000","$82,500,000"
"Nico Hoerner","2B","CHC
                 CHC","28","2027","2032","6","$141,000,000","$23,500,000","$5,000,000","$40,000,000","$63,000,000"
"Konnor Griffin","SS","PIT
                 PIT","19","2026","2034","9","$140,000,000","$15,555,556","$12,000,000","$11,500,000","$19,000,000"
"Will Smith","C","LAD
                 LAD","28","2024","2033","10","$140,000,000","$14,000,000","$30,000,000","$46,550,000","$54,550,000"
"Trevor Story","SS","BOS
                 BOS","29","2022","2028","6","$140,000,000","$23,333,333","","$40,000,000","$62,500,000"
"Javier Báez","SS","DET
                 DET","29","2022","2027","6","$140,000,000","$23,333,333","","$42,000,000","$67,000,000"
"Tyler Glasnow","SP","LAD
                 LAD","30","2024","2028","5","$136,562,500","$27,312,500","$10,000,000","$55,000,000","$85,000,000"
"Jesús Luzardo","SP","PHI
                 PHI","28","2027","2032","5","$135,000,000","$27,000,000","","$54,000,000","$81,000,000"
"Jackson Merrill","CF","SD
                 SD","21","2026","2035","9","$135,000,000","$15,000,000","$10,000,000","$17,000,000","$25,000,000"
"José Berríos","SP","TOR
                 TOR","27","2022","2028","7","$131,000,000","$18,714,286","$5,000,000","$30,000,000","$47,000,000"
"Ranger Suarez","SP","BOS
                 BOS","30","2026","2030","5","$130,000,000","$26,000,000","$3,000,000","$25,000,000","$55,000,000"
"Roman Anthony","RF","BOS
                 BOS","21","2026","2034","8","$130,000,000","$16,250,000","$5,000,000","$11,000,000","$19,000,000"
"Bo Bichette","SS","NYM
                 NYM","27","2026","2028","3","$126,000,000","$42,000,000","$40,000,000","$84,000,000","$126,000,000"
"Zack Wheeler","SP","PHI
                 PHI","33","2025","2027","3","$126,000,000","$42,000,000","","$84,000,000","$126,000,000"
"Jose Altuve","2B","HOU
                 HOU","33","2025","2029","5","$125,000,000","$25,000,000","$15,000,000","$60,000,000","$90,000,000"
"Ketel Marte","2B","ARI
                 ARI","31","2025","2031","6","$116,500,000","$19,416,667","","$30,000,000","$43,500,000"
"Pete Crow-Armstrong","CF","CHC
                 CHC","23","2026","2031","6","$115,000,000","$19,166,667","$5,000,000","$15,894,000","$25,894,000"
"Framber Valdez","SP","DET
                 DET","32","2026","2028","3","$115,000,000","$38,333,333","$20,000,000","$55,000,000","$90,000,000"
"Yordan Alvarez","DH","HOU
                 HOU","24","2023","2028","6","$115,000,000","$19,166,667","$5,000,000","$22,000,000","$37,000,000"
"Robbie Ray","SP","SD
                 SD","30","2022","2026","5","$115,000,000","$23,000,000","","$42,000,000","$65,000,000"
"Jung Hoo Lee","CF","SF
                 SF","25","2024","2029","6","$113,000,000","$18,833,333","$5,000,000","$28,000,000","$50,000,000"
"JJ Wetherholt","2B","STL
                 STL","23","2027","2034","8","$112,500,000","$14,062,500","$2,000,000","$8,500,000","$16,000,000"
"Corbin Carroll","OF","ARI
                 ARI","22","2023","2031","8","$111,000,000","$13,875,000","$5,000,000","$9,000,000","$14,000,000"
"Kevin Gausman","SP","CHC
                 CHC","30","2022","2026","5","$110,000,000","$22,000,000","","$42,000,000","$66,000,000"
"Yu Darvish","SP","SD
                 SD","36","2023","2028","6","$108,000,000","$18,000,000","$6,000,000","$45,000,000","$65,000,000"
"Luis Castillo","SP","CHW
                 CHW","30","2023","2028","5","$108,000,000","$21,600,000","$7,000,000","$39,775,000","$62,525,000"
"Bryan Reynolds","RF","PIT
                 PIT","28","2023","2031","8","$106,750,000","$13,343,750","$2,000,000","$18,800,000","$30,800,000"
"Andres Gimenez","2B","TOR
                 TOR","24","2023","2030","7","$106,500,000","$15,214,286","$4,000,000","$10,050,000","$20,050,000"
"Chase Burns","SP","CIN
                 CIN","23","2027","2033","7","$105,000,000","$15,000,000","$2,000,000","$12,500,000","$25,000,000"
"Cal Raleigh","C","SEA
                 SEA","28","2025","2030","6","$105,000,000","$17,500,000","$10,000,000","$22,000,000","$34,000,000"
"Cristopher Sanchez","SP","PHI
                 PHI","29","2027","2033","6","$104,000,000","$17,333,333","$6,000,000","$15,000,000","$24,000,000"
"Joe Musgrove","SP","SD
                 SD","29","2023","2027","5","$100,000,000","$20,000,000","","$40,000,000","$60,000,000"
"Byron Buxton","CF","MIN
                 MIN","28","2022","2028","7","$100,000,000","$14,285,714","$1,000,000","$25,000,000","$40,000,000"
"Ronald Acuña Jr.","RF","ATL
                 ATL","21","2019","2028","8","$100,000,000","$12,500,000","","$1,370,370","$6,370,370"
"Colt Emerson","SS","SEA
                 SEA","20","2026","2034","8","$95,000,000","$11,875,000","$8,000,000","$11,000,000","$20,000,000"
"Josh Hader","RP","HOU
                 HOU","29","2024","2028","5","$95,000,000","$19,000,000","","$38,075,000","$57,075,000"
"Josh Naylor","1B","SEA
                 SEA","28","2026","2030","5","$92,500,000","$18,500,000","$6,500,000","$32,500,000","$50,500,000"
"Anthony Santander","RF","TOR
                 TOR","30","2025","2030","5","$92,500,000","$18,500,000","$13,500,000","$16,750,000","$23,250,000"
"Kyle Bradish","SP","BAL
                 BAL","29","2027","2031","5","$90,000,000","$18,000,000","","$23,000,000","$40,000,000"
"Logan Webb","SP","SF
                 SF","26","2024","2028","5","$90,000,000","$18,000,000","","$20,000,000","$43,000,000"
"Masataka Yoshida","DH","BOS
                 BOS","29","2023","2027","5","$90,000,000","$18,000,000","$3,000,000","$36,000,000","$54,000,000"
"Willson Contreras","1B","BOS
                 BOS","30","2023","2028","5","$87,500,000","$17,500,000","","$28,000,000","$45,419,356"
"Tyler Soderstrom","1B","ATH
                 ATH","24","2026","2032","7","$86,000,000","$12,285,714","$3,000,000","$10,000,000","$20,000,000"
"Seiya Suzuki","RF","CHC
                 CHC","27","2022","2026","5","$85,000,000","$17,000,000","$5,000,000","$29,000,000","$49,000,000"
"Jackson Chourio","LF","MIL
                 MIL","19","2024","2033","8","$82,000,000","$10,250,000","$2,000,000","$8,000,000","$15,000,000"
"Eduardo Rodriguez","SP","ARI
                 ARI","30","2024","2028","4","$80,000,000","$20,000,000","","$34,000,000","$55,000,000"
"Jake Cronenworth","1B","SD
                 SD","29","2024","2030","7","$80,000,000","$11,428,571","$2,000,000","$20,000,000","$32,000,000"
"Mitch Keller","SP","PIT
                 PIT","27","2024","2028","5","$77,000,000","$15,400,000","$2,057,500","$22,500,000","$39,000,000"
"Michael King","SP","SD
                 SD","30","2026","2028","3","$75,000,000","$25,000,000","$12,000,000","$45,000,000","$75,000,000"
"Sean Manaea","SP","NYM
                 NYM","32","2025","2027","3","$75,000,000","$25,000,000","","$34,500,000","$51,750,000"
"Nathan Eovaldi","SP","TEX
                 TEX","34","2025","2027","3","$75,000,000","$25,000,000","$12,000,000","$55,100,000","$75,100,000"
"Sonny Gray","SP","BOS
                 BOS","34","2024","2027","3","$75,000,000","$25,000,000","","$35,000,000","$46,000,000"
"Andrew Benintendi","LF","CHW
                 CHW","28","2023","2027","5","$75,000,000","$15,000,000","$3,000,000","$27,500,000","$44,000,000"
"Kodai Senga","SP","NYM
                 NYM","29","2023","2027","5","$75,000,000","$15,000,000","$5,000,000","$33,000,000","$47,000,000"
"Spencer Strider","SP","ATL
                 ATL","24","2023","2029","6","$75,000,000","$12,500,000","","$2,000,000","$6,000,000"
"Tommy Edman","CF","LAD
                 LAD","29","2025","2030","5","$74,000,000","$14,800,000","$17,000,000","$28,000,000","$34,000,000"
"Pablo López","SP","MIN
                 MIN","27","2024","2027","4","$73,500,000","$18,375,000","$1,000,000","$30,500,000","$52,000,000"
"Sean Murphy","C","ATL
                 ATL","28","2023","2028","6","$73,000,000","$12,166,667","","$13,000,000","$28,000,000"
"Tanner Scott","RP","LAD
                 LAD","30","2025","2028","4","$72,000,000","$18,000,000","$20,000,000","$31,500,000","$41,250,000"
"Michael Harris II","CF","ATL
                 ATL","21","2023","2032","8","$72,000,000","$9,000,000","","$10,000,000","$18,000,000"
"Jacob Wilson","SS","ATH
                 ATH","23","2026","2033","7","$70,000,000","$10,000,000","$3,000,000","$6,500,000","$11,000,000"
"Ke'Bryan Hayes","3B","CIN
                 CIN","24","2022","2030","8","$70,000,000","$8,750,000","","$20,000,000","$27,000,000"
"Ryan McMahon","3B","NYY
                 NYY","27","2022","2027","6","$70,000,000","$11,666,667","","$14,000,000","$26,000,000"
"Edwin Diaz","RP","LAD
                 LAD","31","2026","2029","3","$69,000,000","$23,000,000","$9,000,000","$37,000,000","$55,500,000"
"Shane Baz","SP","BAL
                 BAL","26","2026","2030","5","$68,000,000","$13,600,000","$4,000,000","$12,000,000","$22,000,000"
"Jameson Taillon","SP","TOR
                 TOR","31","2023","2026","4","$68,000,000","$17,000,000","","$32,000,000","$50,000,000"
"Samuel Basallo","C","BAL
                 BAL","21","2026","2034","8","$67,000,000","$8,375,000","$5,000,000","$7,000,000","$8,000,000"
"Luis Severino","SP","ATH
                 ATH","30","2025","2027","3","$67,000,000","$22,333,333","$10,000,000","$45,000,000","$67,000,000"
"Teoscar Hernandez","LF","LAD
                 LAD","32","2025","2028","3","$66,000,000","$22,000,000","$23,000,000","$29,500,000","$36,000,000"
"Lawrence Butler","RF","ATH
                 ATH","24","2025","2032","7","$65,500,000","$9,357,143","$3,000,000","$8,500,000","$13,500,000"
"Kyle Freeland","SP","COL
                 COL","28","2022","2027","5","$64,500,000","$12,900,000","","$17,500,000","$32,500,000"
"Cristian Javier","SP","HOU
                 HOU","25","2023","2027","5","$64,000,000","$12,800,000","$2,000,000","$12,000,000","$22,000,000"
"Yusei Kikuchi","SP","LAA
                 LAA","33","2025","2027","3","$63,675,000","$21,225,000","","$42,450,000","$63,675,000"
"Ezequiel Tovar","SS","COL
                 COL","22","2024","2031","7","$63,500,000","$9,071,429","$1,500,000","$7,000,000","$12,000,000"
"Ian Happ","LF","CHC
                 CHC","28","2024","2026","3","$61,000,000","$20,333,333","$3,000,000","$40,000,000","$58,000,000"
"Kazuma Okamoto","3B","TOR
                 TOR","29","2026","2029","4","$60,000,000","$15,000,000","$5,000,000","$28,000,000","$44,000,000"
"Christian Walker","1B","HOU
                 HOU","33","2025","2027","3","$60,000,000","$20,000,000","","$40,000,000","$60,000,000"
"Brent Rooker","DH","ATH
                 ATH","29","2025","2030","5","$60,000,000","$12,000,000","$10,000,000","$18,000,000","$30,000,000"
"Alejandro Kirk","C","TOR
                 TOR","26","2026","2030","5","$58,000,000","$11,600,000","$6,000,000","$24,625,000","$35,750,000"
"Maikel Garcia","3B","KC
                 KC","25","2026","2031","5","$57,500,000","$11,500,000","$1,300,000","$12,300,000","$22,300,000"
"Sandy Alcantara","SP","MIA
                 MIA","26","2022","2027","5","$56,000,000","$11,200,000","$1,500,000","$11,000,000","$20,000,000"
"Nick Pivetta","SP","SD
                 SD","31","2025","2028","4","$55,000,000","$13,750,000","$3,000,000","$23,000,000","$37,000,000"
"Brayan Bello","SP","BOS
                 BOS","24","2024","2030","6","$55,000,000","$9,166,667","$1,000,000","$4,500,000","$10,500,000"
"Tatsuya Imai","P","HOU
                 HOU","27","2026","2028","3","$54,000,000","$18,000,000","$2,000,000","$36,000,000","$54,000,000"
"Hunter Greene","SP","CIN
                 CIN","23","2023","2029","6","$53,000,000","$8,833,333","$2,000,000","$6,000,000","$12,000,000"
"Devin Williams","RP","NYM
                 NYM","31","2026","2028","3","$51,000,000","$17,000,000","$6,000,000","$26,000,000","$36,000,000"
"Michael Wacha","SP","KC
                 KC","33","2025","2028","3","$51,000,000","$17,000,000","","$36,000,000","$50,000,000"
"J.P. Crawford","SS","SEA
                 SEA","26","2022","2026","5","$51,000,000","$10,200,000","$5,000,000","$20,000,000","$30,000,000"
"Cooper Pratt","SS","MIL
                 MIL","21","2026","2035","8","$50,750,000","$6,343,750","$3,000,000","$9,000,000","$13,000,000"
"Antonio Senzatela","SP","MIL
                 MIL","26","2022","2027","5","$50,500,000","$10,100,000","","$14,500,000","$26,500,000"
"Ceddanne Rafaela","SS","BOS
                 BOS","23","2024","2032","8","$50,000,000","$6,250,000","$2,000,000","$4,000,000","$6,000,000"
"Jeff McNeil","2B","ATH
                 ATH","30","2023","2027","4","$50,000,000","$12,500,000","","$16,500,000","$32,250,000"
"Keibert Ruiz","C","WSH
                 WSH","24","2023","2032","8","$50,000,000","$6,250,000","$3,000,000","$10,000,000","$15,000,000"
"Luis Robert Jr.","CF","NYM
                 NYM","22","2020","2027","6","$50,000,000","$8,333,333","","$4,055,556","$10,328,119"
"Tyler O'Neill","LF","BAL
                 BAL","29","2025","2027","3","$49,500,000","$16,500,000","","$33,000,000","$49,500,000"
"Tanner Bibee","SP","CLE
                 CLE","25","2025","2030","5","$48,000,000","$9,600,000","$2,000,000","$9,000,000","$16,000,000"
"Seth Lugo","SP","KC
                 KC","35","2026","2028","2","$46,000,000","$23,000,000","$3,000,000","$43,000,000","$46,000,000"
"J.T. Realmuto","C","PHI
                 PHI","34","2026","2028","3","$45,000,000","$15,000,000","","$30,000,000","$45,000,000"
"Robert Suarez","RP","ATL
                 ATL","34","2026","2028","3","$45,000,000","$15,000,000","","$29,000,000","$45,000,000"
"Brandon Pfaadt","SP","ARI
                 ARI","26","2026","2032","5","$45,000,000","$9,000,000","$2,000,000","$10,000,000","$18,000,000"
"Geraldo Perdomo","SS","ARI
                 ARI","25","2026","2030","4","$45,000,000","$11,250,000","$5,000,000","$13,000,000","$26,500,000"
"Jordan Hicks","RP","CHW
                 CHW","27","2024","2027","4","$44,000,000","$11,000,000","$2,000,000","$15,357,526","$23,357,526"
"Jurickson Profar","LF","ATL
                 ATL","31","2025","2027","3","$42,000,000","$14,000,000","","$6,193,548","$21,193,548"
"Lourdes Gurriel Jr.","OF","ARI
                 ARI","30","2024","2027","3","$42,000,000","$14,000,000","","$24,000,000","$37,000,000"
"Merrill Kelly","SP","ARI
                 ARI","37","2026","2027","2","$40,000,000","$20,000,000","$2,000,000","$40,000,000","$40,000,000"
"Jorge Polanco","2B","NYM
                 NYM","32","2026","2027","2","$40,000,000","$20,000,000","$6,000,000","$40,000,000","$40,000,000"
"Clay Holmes","SP","CHC
                 CHC","31","2025","2027","3","$38,000,000","$12,666,667","","$16,823,545","$28,823,545"
"Chris Sale","SP","ATL
                 ATL","34","2024","2026","2","$38,000,000","$19,000,000","","$23,100,000","$41,100,000"
"Tyler Rogers","RP","TOR
                 TOR","34","2026","2029","3","$37,000,000","$12,333,333","$5,000,000","$24,000,000","$36,000,000"
"Joc Pederson","DH","TEX
                 TEX","32","2025","2027","2","$37,000,000","$18,500,000","$5,500,000","$37,000,000","$37,000,000"
"Jack Flaherty","SP","DET
                 DET","29","2025","2026","2","$35,000,000","$17,500,000","$5,000,000","$45,000,000","$45,000,000"
"Ozzie Albies","2B","ATL
                 ATL","21","2019","2027","7","$35,000,000","$5,000,000","","$1,370,370","$4,370,370"
"Munetaka Murakami","3B","CHW
                 CHW","25","2026","2027","2","$34,000,000","$17,000,000","$1,000,000","$34,000,000","$34,000,000"
"Jeff Hoffman","RP","MIN
                 MIN","32","2025","2027","3","$33,000,000","$11,000,000","$5,000,000","$14,735,320","$21,985,320"
"Robert Stephenson","RP","LAA
                 LAA","30","2024","2027","3","$33,000,000","$11,000,000","","$22,000,000","$33,000,000"
"Tarik Skubal","SP","LAD
                 LAD","29","2026","2026","1","$32,000,000","$32,000,000","","$9,582,888","$9,582,888"
"Luis Lara","OF","MIL
                 MIL","21","2026","2035","7","$31,000,000","$4,428,571","$2,000,000","$6,000,000","$9,000,000"
"Jeffrey Springs","SP","ATH
                 ATH","30","2023","2027","4","$31,000,000","$7,750,000","","$9,250,000","$19,750,000"
"Cody Ponce","SP","TOR
                 TOR","31","2026","2028","3","$30,000,000","$10,000,000","$3,000,000","$19,000,000","$30,000,000"
"Reynaldo López","SP","ATL
                 ATL","30","2025","2027","3","$30,000,000","$10,000,000","","$22,000,000","$30,000,000"
"Ryan O'Hearn","DH","PIT
                 PIT","32","2026","2027","2","$29,000,000","$14,500,000","","$29,000,000","$29,000,000"
"Matthew Boyd","SP","CHC
                 CHC","33","2025","2027","2","$29,000,000","$14,500,000","$5,000,000","$27,500,000","$29,500,000"
"Colt Keith","2B","DET
                 DET","22","2024","2032","6","$28,642,500","$4,773,750","$2,000,000","$8,000,000","$12,000,000"
"Ryan Helsley","RP","BAL
                 BAL","31","2026","2027","2","$28,000,000","$14,000,000","","$28,000,000","$28,000,000"
"Yuki Matsui","RP","SD
                 SD","28","2024","2028","5","$28,000,000","$5,600,000","","$8,750,000","$14,500,000"
"Chris Sale","SP","ATL
                 ATL","36","2027","2028","1","$27,000,000","$27,000,000","","$27,000,000","$27,000,000"
"Shane Bieber","SP","TOR
                 TOR","29","2025","2026","2","$26,000,000","$13,000,000","","$19,172,017","$19,172,017"
"Joe Jimenez","RP","ATL
                 ATL","28","2024","2026","3","$26,000,000","$8,666,667","","$17,000,000","$26,000,000"
"Salvador Perez","C","KC
                 KC","35","2026","2027","2","$25,000,000","$12,500,000","$7,000,000","$13,000,000","$13,000,000"
"Myles Straw","CF","TOR
                 TOR","27","2022","2028","5","$25,000,000","$5,000,000","$2,000,000","$5,750,000","$10,250,000"
"Max Muncy","3B","LAD
                 LAD","33","2024","2026","2","$24,000,000","$12,000,000","$5,000,000","$24,000,000","$34,000,000"
"Brandon Lowe","2B","PIT
                 PIT","24","2019","2026","6","$24,000,000","$4,000,000","","$1,555,556","$4,055,556"
"Mike Yastrzemski","RF","ATL
                 ATL","35","2026","2028","2","$23,000,000","$11,500,000","","$19,000,000","$23,000,000"
"Carlos Estevez","RP","KC
                 KC","32","2025","2027","2","$22,200,000","$11,100,000","","$20,200,000","$22,200,000"
"Zac Gallen","SP","ARI
                 ARI","30","2026","2026","1","$22,025,000","$22,025,000","","$8,000,000","$8,000,000"
"Shota Imanaga","SP","CHC
                 CHC","32","2026","2026","1","$22,025,000","$22,025,000","","$22,025,000","$22,025,000"
"Gleyber Torres","2B","DET
                 DET","28","2026","2026","1","$22,025,000","$22,025,000","","$22,025,000","$22,025,000"
"Brandon Woodruff","SP","MIL
                 MIL","32","2026","2026","1","$22,025,000","$22,025,000","","$22,025,000","$22,025,000"
"Trent Grisham","CF","NYY
                 NYY","29","2026","2026","1","$22,025,000","$22,025,000","","$22,025,000","$22,025,000"
"Luke Weaver","RP","PIT
                 PIT","32","2026","2027","2","$22,000,000","$11,000,000","$3,000,000","$5,352,941","$5,352,941"
"Brad Keller","RP","PHI
                 PHI","30","2026","2027","2","$22,000,000","$11,000,000","$4,000,000","$22,000,000","$22,000,000"
"Adrian Houser","SP","SF
                 SF","32","2026","2028","2","$22,000,000","$11,000,000","$3,000,000","$18,000,000","$22,000,000"
"A.J. Minter","RP","MIN
                 MIN","31","2025","2026","2","$22,000,000","$11,000,000","$1,000,000","$14,411,792","$14,411,792"
"Blake Treinen","RP","LAD
                 LAD","36","2025","2026","2","$22,000,000","$11,000,000","$5,000,000","$22,000,000","$22,000,000"
"Jose Alvarado","RP","PHI
                 PHI","27","2023","2026","3","$22,000,000","$7,333,333","$50,000","$8,629,022","$13,344,076"
"Harrison Bader","LF","SF
                 SF","31","2026","2027","2","$20,500,000","$10,250,000","$6,000,000","$9,080,214","$9,080,214"
"Aaron Ashby","SP","MIL
                 MIL","24","2023","2029","5","$20,500,000","$4,100,000","$1,000,000","$3,250,000","$6,500,000"
"Seranthony Dominguez","RP","SEA
                 SEA","31","2026","2028","2","$20,000,000","$10,000,000","$1,000,000","$12,096,256","$14,096,256"
"Ha-seong Kim","SS","ATL
                 ATL","30","2026","2026","1","$20,000,000","$20,000,000","","$20,000,000","$20,000,000"
"Emilio Pagan","RP","CIN
                 CIN","34","2026","2027","2","$20,000,000","$10,000,000","","$20,000,000","$20,000,000"
"Emmanuel Clase","RP","CLE
                 CLE","23","2022","2028","5","$20,000,000","$4,000,000","$2,000,000","$5,091,935","$7,941,935"
"Kyle Finnegan","RP","DET
                 DET","34","2026","2027","2","$19,000,000","$9,500,000","","$16,750,000","$19,000,000"
"Garrett Whitlock","SP","BOS
                 BOS","26","2023","2028","4","$18,750,000","$4,687,500","$1,000,000","$5,250,000","$10,500,000"
"Chris Bassitt","SP","BAL
                 BAL","36","2026","2026","1","$18,500,000","$18,500,000","$3,000,000","$18,500,000","$18,500,000"
"Patrick Sandoval","SP","BOS
                 BOS","28","2025","2026","2","$18,250,000","$9,125,000","","$18,250,000","$18,250,000"
"Justin Martinez","RP","ARI
                 ARI","23","2025","2031","5","$18,000,000","$3,600,000","$2,000,000","$5,500,000","$8,500,000"
"Wandy Peralta","RP","SD
                 SD","32","2024","2027","4","$16,500,000","$4,125,000","","$7,600,000","$12,050,000"
"Mickey Moniak","CF","COL
                 COL","28","2027","2028","2","$16,250,000","$8,125,000","","$16,250,000","$16,250,000"
"Raisel Iglesias","RP","ATL
                 ATL","35","2026","2026","1","$16,000,000","$16,000,000","","$16,000,000","$16,000,000"
"Randy Arozarena","LF","SEA
                 SEA","30","2026","2026","1","$15,650,000","$15,650,000","","$15,650,000","$15,650,000"
"Freddy Peralta","SP","TB
                 TB","23","2020","2026","5","$15,500,000","$3,100,000","$1,174,800","$2,487,837","$4,737,837"
"Eugenio Suarez","3B","CIN
                 CIN","34","2026","2027","1","$15,000,000","$15,000,000","","$15,000,000","$15,000,000"
"Steven Matz","RP","TB
                 TB","34","2026","2027","2","$15,000,000","$7,500,000","","$15,000,000","$15,000,000"
"Sung Mun Song","INF","SD
                 SD","29","2026","2030","4","$15,000,000","$3,750,000","$1,000,000","$6,500,000","$10,000,000"
"Yimi Garcia","RP","TOR
                 TOR","34","2025","2026","2","$15,000,000","$7,500,000","","$15,000,000","$15,000,000"
"Danny Jansen","C","TEX
                 TEX","30","2026","2028","2","$14,500,000","$7,250,000","$1,500,000","$12,350,000","$14,600,000"
"Phil Maton","RP","CHC
                 CHC","32","2026","2028","2","$14,500,000","$7,250,000","","$11,500,000","$14,500,000"
"Victor Caratini","C","MIN
                 MIN","32","2026","2027","2","$14,000,000","$7,000,000","","$10,500,000","$14,000,000"
"Trevor Williams","SP","WSH
                 WSH","32","2025","2026","2","$14,000,000","$7,000,000","","$14,000,000","$14,000,000"
"Kyle Higashioka","C","TEX
                 TEX","34","2025","2027","2","$13,500,000","$6,750,000","","$12,500,000","$13,500,000"
"Aroldis Chapman","RP","BOS
                 BOS","37","2026","2027","1","$13,300,000","$13,300,000","$1,000,000","$13,300,000","$13,300,000"
"Cole Ragans","SP","KC
                 KC","26","2025","2027","3","$13,250,000","$4,416,667","$250,000","$5,750,000","$13,250,000"
"Justin Verlander","SP","DET
                 DET","42","2026","2026","1","$13,000,000","$13,000,000","","$2,000,000","$2,000,000"
"Nick Martinez","SP","TB
                 TB","35","2026","2027","1","$13,000,000","$13,000,000","","$13,000,000","$13,000,000"
"Pete Fairbanks","RP","MIA
                 MIA","32","2026","2026","1","$13,000,000","$13,000,000","$1,000,000","$13,100,000","$13,100,000"
"Willi Castro","2B","COL
                 COL","28","2026","2027","2","$12,800,000","$6,400,000","","$12,800,000","$12,800,000"
"Brady Singer","SP","CIN
                 CIN","29","2026","2026","1","$12,750,000","$12,750,000","","$12,750,000","$12,750,000"
"Dustin May","SP","MIL
                 MIL","28","2026","2027","1","$12,500,000","$12,500,000","","$4,029,405","$4,029,405"
"Taylor Ward","LF","SEA
                 SEA","32","2026","2026","1","$12,175,000","$12,175,000","","$3,580,885","$3,580,885"
"Luis Arraez","2B","PHI
                 PHI","28","2026","2026","1","$12,000,000","$12,000,000","","$3,529,405","$3,529,405"
"Anthony Kay","RP","CHW
                 CHW","30","2026","2028","2","$12,000,000","$6,000,000","","$10,125,000","$12,125,000"
"Yandy Diaz","1B","TB
                 TB","33","2026","2027","1","$12,000,000","$12,000,000","","$12,000,000","$12,000,000"
"Travis d'Arnaud","C","LAA
                 LAA","35","2025","2026","2","$12,000,000","$6,000,000","","$12,000,000","$12,000,000"
"Luis Torrens","C","NYM
                 NYM","30","2027","2028","2","$11,500,000","$5,750,000","","$11,500,000","$11,500,000"
"Jose Trevino","C","CIN
                 CIN","32","2026","2028","2","$11,500,000","$5,750,000","","$10,500,000","$11,500,000"
"Carson Kelly","C","CHC
                 CHC","30","2025","2027","2","$11,500,000","$5,750,000","","$10,500,000","$12,000,000"
"Vinnie Pasquantino","1B","KC
                 KC","28","2026","2027","2","$11,100,000","$5,550,000","","$11,100,000","$11,100,000"
"Jesús Luzardo","SP","PHI
                 PHI","28","2026","2026","1","$11,000,000","$11,000,000","","$11,000,000","$11,000,000"
"Kenley Jansen","RP","DET
                 DET","38","2026","2027","1","$11,000,000","$11,000,000","","$11,000,000","$11,000,000"
"Logan Gilbert","SP","SEA
                 SEA","28","2026","2026","1","$10,927,000","$10,927,000","","$10,927,000","$10,927,000"
"Daulton Varsho","LF","HOU
                 HOU","29","2026","2026","1","$10,750,000","$10,750,000","","$3,161,785","$3,161,785"
"Jazz Chisholm","2B","NYY
                 NYY","27","2026","2026","1","$10,200,000","$10,200,000","","$10,200,000","$10,200,000"
"Alec Bohm","3B","PHI
                 PHI","29","2026","2026","1","$10,200,000","$10,200,000","","$10,200,000","$10,200,000"
"Max Muncy","3B","LAD
                 LAD","36","2027","2028","1","$10,000,000","$10,000,000","","$10,000,000","$10,000,000"
"Tyler Mahle","SP","ATL
                 ATL","31","2026","2026","1","$10,000,000","$10,000,000","$3,000,000","$2,596,257","$2,596,257"
"Zach Eflin","SP","BAL
                 BAL","31","2026","2027","1","$10,000,000","$10,000,000","$3,000,000","$10,000,000","$10,000,000"
"Adolis García","RF","PHI
                 PHI","32","2026","2026","1","$10,000,000","$10,000,000","","$10,000,000","$10,000,000"
"Andrew Kittredge","RP","BAL
                 BAL","34","2025","2026","1","$10,000,000","$10,000,000","","$11,970,887","$11,970,887"
"Victor Robles","CF","SEA
                 SEA","27","2025","2027","2","$9,750,000","$4,875,000","$1,250,000","$9,118,281","$9,618,281"
"Jeremy Pena","SS","HOU
                 HOU","28","2026","2026","1","$9,475,000","$9,475,000","","$9,475,000","$9,475,000"
"William Contreras","C","MIL
                 MIL","28","2026","2026","1","$9,400,000","$9,400,000","","$9,400,000","$9,400,000"
"Isaac Paredes","3B","HOU
                 HOU","26","2026","2027","1","$9,350,000","$9,350,000","","$9,350,000","$9,350,000"
"David Bednar","RP","NYY
                 NYY","31","2026","2026","1","$9,000,000","$9,000,000","","$9,000,000","$9,000,000"
"Gunnar Henderson","SS","BAL
                 BAL","24","2026","2026","1","$8,500,000","$8,500,000","","$8,500,000","$8,500,000"
"Drew Rasmussen","SP","TB
                 TB","29","2025","2027","2","$8,500,000","$4,250,000","$500,000","$8,000,000","$8,500,000"
"David Peterson","SP","CHC
                 CHC","30","2026","2026","1","$8,100,000","$8,100,000","","$4,093,548","$4,093,548"
"Michael Lorenzen","SP","COL
                 COL","34","2026","2027","1","$8,000,000","$8,000,000","","$8,000,000","$8,000,000"
"Jonathan India","2B","KC
                 KC","28","2026","2026","1","$8,000,000","$8,000,000","","$8,000,000","$8,000,000"
"Gregory Soto","RP","PIT
                 PIT","30","2026","2026","1","$7,750,000","$7,750,000","","$7,750,000","$7,750,000"
"Steven Kwan","LF","CLE
                 CLE","28","2026","2026","1","$7,725,000","$7,725,000","","$7,725,000","$7,725,000"
"Jarren Duran","LF","BOS
                 BOS","29","2026","2026","1","$7,700,000","$7,700,000","","$7,725,000","$7,725,000"
"Andrew Vaughn","1B","MIL
                 MIL","27","2026","2026","1","$7,650,000","$7,650,000","","$7,650,000","$7,650,000"
"Yennier Cano","RP","BAL
                 BAL","32","2027","2029","2","$7,500,000","$3,750,000","","$7,500,000","$7,500,000"
"Jhoan Duran","RP","PHI
                 PHI","28","2026","2026","1","$7,500,000","$7,500,000","","$7,500,000","$7,500,000"
"Michael Soroka","RP","ARI
                 ARI","28","2026","2027","1","$7,500,000","$7,500,000","","$8,000,000","$8,000,000"
"Andres Munoz","RP","SEA
                 SEA","22","2022","2028","4","$7,500,000","$1,875,000","$750,000","$3,000,000","$5,000,000"
"Adley Rutschman","C","BOS
                 BOS","27","2026","2026","1","$7,250,000","$7,250,000","","$2,132,352","$2,132,352"
"Josh Bell","1B","MIN
                 MIN","33","2026","2027","1","$7,000,000","$7,000,000","$250,000","$7,000,000","$7,000,000"
"Drew Anderson","SP","DET
                 DET","31","2026","2027","1","$7,000,000","$7,000,000","","$7,000,000","$7,000,000"
"Cedric Mullins","CF","TB
                 TB","31","2026","2027","1","$7,000,000","$7,000,000","","$7,000,000","$7,000,000"
"Luis Garcia","2B","NYY
                 NYY","25","2026","2026","1","$6,875,000","$6,875,000","","$2,022,075","$2,022,075"
"Tyler Stephenson","C","CIN
                 CIN","29","2026","2026","1","$6,800,000","$6,800,000","","$6,800,000","$6,800,000"
"Jesús Sánchez","LF","TOR
                 TOR","28","2026","2026","1","$6,800,000","$6,800,000","","$6,800,000","$6,800,000"
"Ryan Mountcastle","1B","BAL
                 BAL","28","2026","2026","1","$6,787,000","$6,787,000","","$14,287,000","$14,287,000"
"Justin Steele","SP","CHC
                 CHC","30","2026","2026","1","$6,775,000","$6,775,000","","$6,775,000","$6,775,000"
"Ryan Jeffers","C","MIN
                 MIN","28","2026","2026","1","$6,700,000","$6,700,000","","$6,700,000","$6,700,000"
"Jason Adam","RP","SD
                 SD","34","2026","2026","1","$6,675,000","$6,675,000","","$6,675,000","$6,675,000"
"George Kirby","SP","SEA
                 SEA","27","2026","2026","1","$6,550,000","$6,550,000","","$6,550,000","$6,550,000"
"Evan Phillips","RP","LAD
                 LAD","31","2026","2026","1","$6,500,000","$6,500,000","","$6,500,000","$6,500,000"
"Pierce Johnson","RP","CIN
                 CIN","34","2026","2027","1","$6,500,000","$6,500,000","","$6,500,000","$6,500,000"
"Colin Rea","SP","CHC
                 CHC","35","2026","2027","1","$6,500,000","$6,500,000","","$6,500,000","$6,500,000"
"Joe Ryan","SP","MIN
                 MIN","29","2026","2027","1","$6,200,000","$6,200,000","","$6,200,000","$6,200,000"
"Trevor Rogers","SP","BAL
                 BAL","28","2026","2026","1","$6,200,000","$6,200,000","","$6,200,000","$6,200,000"
"Kris Bubic","SP","LAD
                 LAD","28","2026","2026","1","$6,150,000","$6,150,000","","$1,808,840","$1,808,840"
"Casey Mize","SP","SD
                 SD","28","2026","2026","1","$6,150,000","$6,150,000","","$1,808,840","$1,808,840"
"Camilo Doval","RP","PIT
                 PIT","28","2026","2026","1","$6,100,000","$6,100,000","","$750,000","$750,000"
"Mauricio Dubon","2B","ATL
                 ATL","31","2026","2026","1","$6,100,000","$6,100,000","","$6,100,000","$6,100,000"
"Jose Quintana","SP","COL
                 COL","37","2026","2026","1","$6,000,000","$6,000,000","","$6,000,000","$6,000,000"
"Isiah Kiner-Falefa","SS","BOS
                 BOS","30","2026","2026","1","$6,000,000","$6,000,000","","$6,000,000","$6,000,000"
"Hunter Harvey","RP","CHC
                 CHC","31","2026","2027","1","$6,000,000","$6,000,000","","$6,000,000","$6,000,000"
"Bryson Stott","2B","PHI
                 PHI","28","2026","2026","1","$5,900,000","$5,900,000","","$5,900,000","$5,900,000"
"Bryan Abreu","RP","HOU
                 HOU","28","2026","2026","1","$5,850,000","$5,850,000","","$5,755,645","$5,755,645"
"Brendan Donovan","2B","SEA
                 SEA","28","2026","2026","1","$5,800,000","$5,800,000","","$5,800,000","$5,800,000"
"Dean Kremer","SP","MIN
                 MIN","30","2026","2026","1","$5,750,000","$5,750,000","","$1,752,674","$1,752,674"
"Hunter Brown","SP","HOU
                 HOU","27","2026","2026","1","$5,710,000","$5,710,000","","$5,710,000","$5,710,000"
"MacKenzie Gore","SP","TEX
                 TEX","26","2026","2026","1","$5,600,000","$5,600,000","","$5,600,000","$5,600,000"
"Gavin Lux","LF","TB
                 TB","28","2026","2026","1","$5,525,000","$5,525,000","","$5,525,000","$5,525,000"
"Shawn Armstrong","RP","CLE
                 CLE","35","2026","2027","1","$5,500,000","$5,500,000","","$5,500,000","$5,500,000"
"Foster Griffin","RP","CLE
                 CLE","30","2026","2026","1","$5,500,000","$5,500,000","","$1,617,660","$1,617,660"
"Miguel Rojas","SS","LAD
                 LAD","36","2026","2026","1","$5,500,000","$5,500,000","","$5,500,000","$5,500,000"
"Lars Nootbaar","LF","ARI
                 ARI","28","2026","2026","1","$5,250,000","$5,250,000","","$1,544,125","$1,544,125"
"Shea Langeliers","C","ATH
                 ATH","28","2026","2026","1","$5,250,000","$5,250,000","","$5,300,000","$5,300,000"
"Lane Thomas","CF","ATL
                 ATL","30","2026","2026","1","$5,250,000","$5,250,000","","$1,572,192","$1,572,192"
"Jo Adell","CF","CLE
                 CLE","26","2026","2026","1","$5,200,000","$5,200,000","","$1,529,385","$1,529,385"
"Brandon Marsh","CF","PHI
                 PHI","28","2026","2026","1","$5,200,000","$5,200,000","","$5,200,000","$5,200,000"
"Bailey Ober","SP","MIN
                 MIN","30","2026","2026","1","$5,200,000","$5,200,000","","$5,200,000","$5,200,000"
"Tomoyuki Sugano","SP","COL
                 COL","36","2026","2026","1","$5,100,000","$5,100,000","","$5,100,000","$5,100,000"
"Riley Greene","LF","DET
                 DET","25","2026","2026","1","$5,000,000","$5,000,000","","$5,000,000","$5,000,000"
"Kirby Yates","RP","PIT
                 PIT","38","2026","2026","1","$5,000,000","$5,000,000","","$1,470,590","$1,470,590"
"Nick Lodolo","SP","CIN
                 CIN","27","2026","2026","1","$4,725,000","$4,725,000","","$4,725,000","$4,725,000"
"Trevor Megill","RP","MIL
                 MIL","32","2026","2026","1","$4,700,000","$4,700,000","","$4,700,000","$4,700,000"
"Ernie Clement","3B","TOR
                 TOR","29","2026","2026","1","$4,600,000","$4,600,000","","$4,600,000","$4,600,000"
"Enrique Hernandez","OF","LAD
                 LAD","34","2026","2026","1","$4,500,000","$4,500,000","","$4,500,000","$4,500,000"
"Yainer Diaz","C","HOU
                 HOU","27","2026","2026","1","$4,500,000","$4,500,000","","$4,500,000","$4,500,000"
"Gavin Sheets","DH","SD
                 SD","29","2026","2026","1","$4,500,000","$4,500,000","","$4,500,000","$4,500,000"
"Sean Newcomb","RP","CHW
                 CHW","32","2026","2026","1","$4,500,000","$4,500,000","","$4,600,000","$4,600,000"
"Caleb Ferguson","RP","STL
                 STL","29","2026","2026","1","$4,500,000","$4,500,000","","$1,323,520","$1,323,520"
"Caleb Thielbar","RP","CHC
                 CHC","38","2026","2027","1","$4,500,000","$4,500,000","","$4,500,000","$4,500,000"
"Clarke Schmidt","SP","NYY
                 NYY","29","2026","2026","1","$4,500,000","$4,500,000","","$4,500,000","$4,500,000"
"Trevor Larnach","DH","MIN
                 MIN","28","2026","2026","1","$4,475,000","$4,475,000","","$4,475,000","$4,475,000"
"Edward Cabrera","SP","CHC
                 CHC","27","2026","2026","1","$4,450,000","$4,450,000","","$4,450,000","$4,450,000"
"Eric Lauer","RP","LAD
                 LAD","30","2026","2026","1","$4,400,000","$4,400,000","","$600,000","$600,000"
"Edmundo Sosa","3B","PHI
                 PHI","29","2026","2026","1","$4,400,000","$4,400,000","","$4,400,000","$4,400,000"
"JoJo Romero","RP","MIL
                 MIL","29","2026","2026","1","$4,260,000","$4,260,000","","$1,252,941","$1,252,941"
"Tyler Kinley","RP","ATL
                 ATL","34","2026","2027","1","$4,250,000","$4,250,000","","$4,250,000","$4,250,000"
"CJ Abrams","SS","WSH
                 WSH","25","2026","2026","1","$4,200,000","$4,200,000","","$4,200,000","$4,200,000"
"Zach McKinstry","3B","DET
                 DET","30","2026","2026","1","$4,200,000","$4,200,000","","$4,200,000","$4,200,000"
"Tanner Houck","SP","BOS
                 BOS","29","2026","2026","1","$4,150,000","$4,150,000","","$4,150,000","$4,150,000"
"Zach Neto","SS","LAA
                 LAA","24","2026","2026","1","$4,150,000","$4,150,000","","$4,150,000","$4,150,000"
"Brice Turang","2B","MIL
                 MIL","26","2026","2026","1","$4,150,000","$4,150,000","","$4,150,000","$4,150,000"
"Spencer Torkelson","1B","DET
                 DET","26","2026","2026","1","$4,075,000","$4,075,000","","$4,075,000","$4,075,000"
"Paul Goldschmidt","1B","NYY
                 NYY","38","2026","2026","1","$4,000,000","$4,000,000","","$4,000,000","$4,000,000"
"Miguel Andujar","OF","SD
                 SD","30","2026","2027","1","$4,000,000","$4,000,000","","$4,200,000","$4,200,000"
"Yoan Moncada","3B","LAA
                 LAA","30","2026","2026","1","$4,000,000","$4,000,000","","$4,000,000","$4,000,000"
"Jake Junis","RP","TEX
                 TEX","33","2026","2027","1","$4,000,000","$4,000,000","","$4,000,000","$4,000,000"
"Mason Miller","RP","SD
                 SD","27","2026","2026","1","$4,000,000","$4,000,000","","$4,000,000","$4,000,000"
"Spencer Steer","1B","CIN
                 CIN","28","2026","2026","1","$4,000,000","$4,000,000","","$4,000,000","$4,000,000"
"Andre Pallante","SP","STL
                 STL","27","2026","2026","1","$4,000,000","$4,000,000","","$4,000,000","$4,000,000"
"Mickey Moniak","CF","COL
                 COL","27","2026","2026","1","$4,000,000","$4,000,000","","$4,000,000","$4,000,000"
"Austin Hedges","C","CLE
                 CLE","33","2026","2026","1","$4,000,000","$4,000,000","","$4,000,000","$4,000,000"
"Ramon Laureano","LF","SD
                 SD","30","2025","2026","1","$4,000,000","$4,000,000","","$6,741,075","$6,741,075"
"Will Vest","RP","DET
                 DET","30","2026","2026","1","$3,950,000","$3,950,000","","$3,950,000","$3,950,000"
"Ryan Thompson","RP","ARI
                 ARI","33","2026","2026","1","$3,950,000","$3,950,000","","$3,950,000","$3,950,000"
"Adrian Morejon","RP","SD
                 SD","26","2026","2026","1","$3,900,000","$3,900,000","","$3,900,000","$3,900,000"
"T.J. Friedl","CF","CIN
                 CIN","30","2026","2026","1","$3,800,000","$3,800,000","","$3,800,000","$3,800,000"
"Tyrone Taylor","CF","CHC
                 CHC","31","2026","2026","1","$3,800,000","$3,800,000","","$1,117,655","$1,117,655"
"Hoby Milner","RP","CHC
                 CHC","34","2026","2026","1","$3,750,000","$3,750,000","","$3,750,000","$3,750,000"
"John Schreiber","RP","KC
                 KC","31","2026","2026","1","$3,715,000","$3,715,000","","$3,715,000","$3,715,000"
"Shane McClanahan","SP","TB
                 TB","28","2026","2026","1","$3,600,000","$3,600,000","","$3,600,000","$3,600,000"
"Griffin Jax","RP","TB
                 TB","31","2026","2026","1","$3,565,000","$3,565,000","","$3,565,000","$3,565,000"
"Kyle Bradish","SP","BAL
                 BAL","29","2026","2026","1","$3,550,000","$3,550,000","","$3,550,000","$3,550,000"
"Martín Pérez","SP","ATL
                 ATL","34","2026","2026","1","$3,500,000","$3,500,000","","$3,050,871","$3,050,871"
"Ryne Stanek","RP","STL
                 STL","34","2026","2027","1","$3,500,000","$3,500,000","","$3,500,000","$3,500,000"
"Alec Burleson","1B","STL
                 STL","27","2026","2026","1","$3,300,000","$3,300,000","","$3,300,000","$3,300,000"
"Oneil Cruz","CF","PIT
                 PIT","27","2026","2026","1","$3,300,000","$3,300,000","","$3,300,000","$3,300,000"
"Kerry Carpenter","RF","DET
                 DET","28","2026","2026","1","$3,275,000","$3,275,000","","$3,275,000","$3,275,000"
"Matt Vierling","RF","DET
                 DET","29","2026","2026","1","$3,255,000","$3,255,000","","$3,255,000","$3,255,000"
"Josh H. Smith","SS","TOR
                 TOR","28","2026","2026","1","$3,225,000","$3,225,000","","$948,530","$948,530"
"Jake Burger","1B","TEX
                 TEX","29","2026","2026","1","$3,200,000","$3,200,000","","$3,200,000","$3,200,000"
"A.J. Puk","RP","ARI
                 ARI","30","2026","2026","1","$3,100,000","$3,100,000","","$3,100,000","$3,100,000"
"Brenton Doyle","CF","CHW
                 CHW","27","2026","2026","1","$3,100,000","$3,100,000","","$911,790","$911,790"
"Ryan Pepiot","SP","TB
                 TB","28","2026","2026","1","$3,025,000","$3,025,000","","$3,025,000","$3,025,000"
"Lucas Giolito","SP","SD
                 SD","31","2026","2027","1","$3,000,000","$3,000,000","","$3,000,000","$3,000,000"
"Max Scherzer","SP","TOR
                 TOR","41","2026","2026","1","$3,000,000","$3,000,000","","$3,000,000","$3,000,000"
"Ryne Nelson","SP","ARI
                 ARI","27","2026","2026","1","$3,000,000","$3,000,000","","$3,000,000","$3,000,000"
"Jake Fraley","RF","TB
                 TB","30","2026","2026","1","$3,000,000","$3,000,000","","$3,200,000","$3,200,000"
"Keegan Akin","RP","BAL
                 BAL","30","2026","2026","1","$2,975,000","$2,975,000","","$2,975,000","$2,975,000"
"Jose Soriano","SP","TOR
                 TOR","27","2026","2026","1","$2,900,000","$2,900,000","","$852,940","$852,940"
"Josh Jung","3B","TEX
                 TEX","27","2026","2026","1","$2,900,000","$2,900,000","","$2,900,000","$2,900,000"
"Royce Lewis","3B","MIN
                 MIN","26","2026","2026","1","$2,850,000","$2,850,000","","$2,850,000","$2,850,000"
"Mark Leiter Jr.","RP","ATH
                 ATH","34","2026","2026","1","$2,850,000","$2,850,000","","$2,850,000","$2,850,000"
"Tim Hill","RP","NYY
                 NYY","34","2025","2026","1","$2,850,000","$2,850,000","","$5,500,000","$5,500,000"
"Anthony Bender","RP","MIA
                 MIA","30","2026","2026","1","$2,810,000","$2,810,000","","$2,810,000","$2,810,000"
"Jake Irvin","SP","WSH
                 WSH","28","2026","2026","1","$2,800,000","$2,800,000","","$2,800,000","$2,800,000"
"Brusdar Graterol","RP","LAD
                 LAD","27","2026","2026","1","$2,800,000","$2,800,000","","$2,800,000","$2,800,000"
"Kutter Crawford","SP","BOS
                 BOS","29","2026","2026","1","$2,750,000","$2,750,000","","$2,750,000","$2,750,000"
"James McCann","C","ARI
                 ARI","35","2026","2026","1","$2,750,000","$2,750,000","","$3,250,000","$3,250,000"
"Kevin Ginkel","RP","ARI
                 ARI","31","2026","2026","1","$2,725,000","$2,725,000","","$2,725,000","$2,725,000"
"Kyle Isbel","CF","KC
                 KC","28","2026","2026","1","$2,700,000","$2,700,000","","$2,700,000","$2,700,000"
"Jake Bauers","1B","MIL
                 MIL","30","2026","2026","1","$2,700,000","$2,700,000","","$2,700,000","$2,700,000"
"Reid Detmers","RP","LAA
                 LAA","26","2026","2026","1","$2,625,000","$2,625,000","","$2,625,000","$2,625,000"
"Josh Lowe","RF","LAA
                 LAA","27","2026","2026","1","$2,600,000","$2,600,000","","$2,600,000","$2,600,000"
"Gabriel Moreno","C","ARI
                 ARI","25","2026","2026","1","$2,550,000","$2,550,000","","$2,550,000","$2,550,000"
"Nick Fortes","C","TB
                 TB","29","2026","2026","1","$2,535,000","$2,535,000","","$2,535,000","$2,535,000"
"Joey Bart","C","CHW
                 CHW","29","2026","2026","1","$2,530,000","$2,530,000","","$744,095","$744,095"
"Griffin Canning","SP","SD
                 SD","29","2026","2027","1","$2,500,000","$2,500,000","","$2,800,000","$2,800,000"
"Shelby Miller","RP","CHC
                 CHC","35","2026","2027","2","$2,500,000","$1,250,000","","$2,500,000","$2,500,000"
"Tylor Megill","SP","NYM
                 NYM","30","2026","2026","1","$2,500,000","$2,500,000","","$2,500,000","$2,500,000"
"Amed Rosario","SS","NYY
                 NYY","30","2026","2026","1","$2,500,000","$2,500,000","","$2,500,000","$2,500,000"
"Ryan Yarbrough","RP","NYY
                 NYY","33","2026","2026","1","$2,500,000","$2,500,000","","$2,500,000","$2,500,000"
"Bryce Miller","SP","SEA
                 SEA","27","2026","2027","1","$2,452,500","$2,452,500","","$2,452,500","$2,452,500"
"Tyler Wells","SP","TB
                 TB","31","2026","2026","1","$2,450,000","$2,450,000","","$722,059","$722,059"
"Ryan Feltner","SP","COL
                 COL","29","2026","2026","1","$2,450,000","$2,450,000","","$2,450,000","$2,450,000"
"Francisco Alvarez","C","NYM
                 NYM","24","2026","2026","1","$2,400,000","$2,400,000","","$2,400,000","$2,400,000"
"Garrett Cleavinger","RP","TB
                 TB","31","2026","2026","1","$2,400,000","$2,400,000","","$2,400,000","$2,400,000"
"Brock Burke","RP","CIN
                 CIN","29","2026","2026","1","$2,325,000","$2,325,000","","$2,325,000","$2,325,000"
"Steven Okert","RP","HOU
                 HOU","34","2026","2026","1","$2,325,000","$2,325,000","","$2,325,000","$2,325,000"
"Matt McLain","2B","CIN
                 CIN","26","2026","2026","1","$2,300,000","$2,300,000","","$2,300,000","$2,300,000"
"Luis Torrens","C","NYM
                 NYM","29","2026","2026","1","$2,275,000","$2,275,000","","$2,275,000","$2,275,000"
"Matthew Liberatore","SP","STL
                 STL","26","2026","2026","1","$2,260,000","$2,260,000","","$2,260,000","$2,260,000"
"Miles Mikolas","SP","WSH
                 WSH","37","2026","2026","1","$2,250,000","$2,250,000","","$2,450,000","$2,450,000"
"Félix Bautista","RP","BAL
                 BAL","30","2026","2026","1","$2,250,000","$2,250,000","","$2,250,000","$2,250,000"
"Dylan Lee","RP","ATL
                 ATL","31","2026","2026","1","$2,200,000","$2,200,000","","$2,200,000","$2,200,000"
"Gabe Speier","RP","SEA
                 SEA","30","2026","2026","1","$2,125,000","$2,125,000","","$2,125,000","$2,125,000"
"Freddy Fermin","C","SD
                 SD","30","2026","2026","1","$2,100,000","$2,100,000","","$2,100,000","$2,100,000"
"Luke Raley","1B","SEA
                 SEA","31","2026","2026","1","$2,050,000","$2,050,000","","$2,050,000","$2,050,000"
"Michael Conforto","LF","CHC
                 CHC","33","2026","2026","1","$2,000,000","$2,000,000","","$2,000,000","$2,000,000"
"Ramon Urias","2B","STL
                 STL","31","2026","2026","1","$2,000,000","$2,000,000","","$2,000,000","$2,000,000"
"Taylor Rogers","RP","MIN
                 MIN","35","2026","2026","1","$2,000,000","$2,000,000","","$2,000,000","$2,000,000"
"José Caballero","SS","NYY
                 NYY","29","2026","2026","1","$2,000,000","$2,000,000","","$2,000,000","$2,000,000"
"Paul Blackburn","RP","NYY
                 NYY","32","2026","2026","1","$2,000,000","$2,000,000","","$2,000,000","$2,000,000"
"Jason Foley","RP","SF
                 SF","30","2026","2026","1","$2,000,000","$2,000,000","","$2,000,000","$2,000,000"
"Leody Taveras","CF","BAL
                 BAL","27","2026","2026","1","$2,000,000","$2,000,000","","$2,000,000","$2,000,000"
"Nick Mears","RP","KC
                 KC","29","2026","2026","1","$1,900,000","$1,900,000","","$1,900,000","$1,900,000"
"Brooks Raley","RP","PHI
                 PHI","36","2025","2026","1","$1,850,000","$1,850,000","","$3,697,055","$3,697,055"
"JT Brubaker","RP","SF
                 SF","32","2026","2026","1","$1,820,000","$1,820,000","","$1,820,000","$1,820,000"
"Calvin Faucher","RP","MIA
                 MIA","30","2026","2026","1","$1,800,000","$1,800,000","","$1,800,000","$1,800,000"
"Javier Assad","RP","CHC
                 CHC","28","2026","2026","1","$1,800,000","$1,800,000","","$1,800,000","$1,800,000"
"Tony Santillan","RP","CIN
                 CIN","28","2026","2026","1","$1,800,000","$1,800,000","","$1,800,000","$1,800,000"
"Adam Frazier","2B","LAA
                 LAA","34","2026","2026","1","$1,750,000","$1,750,000","","$1,750,000","$1,750,000"
"Tim Mayza","RP","PHI
                 PHI","34","2026","2026","1","$1,750,000","$1,750,000","","$1,750,000","$1,750,000"
"Nathaniel Lowe","1B","CLE
                 CLE","30","2026","2026","1","$1,750,000","$1,750,000","","$514,690","$514,690"
"Gary Sánchez","C","MIL
                 MIL","33","2026","2027","1","$1,750,000","$1,750,000","","$1,750,000","$1,750,000"
"Graham Ashcraft","RP","CIN
                 CIN","27","2026","2026","1","$1,750,000","$1,750,000","","$1,750,000","$1,750,000"
"Triston Casas","1B","BOS
                 BOS","25","2026","2026","1","$1,610,000","$1,610,000","","$1,610,000","$1,610,000"
"Jose Siri","CF","LAA
                 LAA","30","2026","2026","1","$1,600,000","$1,600,000","","$1,161,290","$1,161,290"
"Jalen Beeks","RP","TEX
                 TEX","32","2026","2026","1","$1,600,000","$1,600,000","","$1,975,000","$1,975,000"
"Alex Call","LF","LAD
                 LAD","31","2026","2026","1","$1,600,000","$1,600,000","","$1,600,000","$1,600,000"
"Enyel De Los Santos","RP","HOU
                 HOU","29","2026","2026","1","$1,600,000","$1,600,000","","$1,600,000","$1,600,000"
"Tyler Holton","RP","DET
                 DET","29","2026","2026","1","$1,575,000","$1,575,000","","$1,575,000","$1,575,000"
"Michael Massey","2B","KC
                 KC","27","2026","2026","1","$1,570,000","$1,570,000","","$1,570,000","$1,570,000"
"Taylor Clarke","RP","ARI
                 ARI","32","2026","2026","1","$1,550,000","$1,550,000","","$1,550,000","$1,550,000"
"Matt Brash","RP","SEA
                 SEA","27","2026","2026","1","$1,550,000","$1,550,000","","$1,550,000","$1,550,000"
"Jimmy Herget","RP","COL
                 COL","32","2026","2026","1","$1,550,000","$1,550,000","","$1,550,000","$1,550,000"
"Johan Oviedo","SP","BOS
                 BOS","27","2026","2026","1","$1,550,000","$1,550,000","","$1,550,000","$1,550,000"
"Edwin Uceta","RP","TB
                 TB","28","2026","2026","1","$1,525,000","$1,525,000","","$1,525,000","$1,525,000"
"Jake McCarthy","CF","COL
                 COL","28","2026","2026","1","$1,525,000","$1,525,000","","$1,525,000","$1,525,000"
"Tyler Freeman","2B","COL
                 COL","26","2026","2026","1","$1,525,000","$1,525,000","","$1,525,000","$1,525,000"
"LaMonte Wade Jr.","RF","HOU
                 HOU","32","2026","2026","1","$1,500,000","$1,500,000","","$930,481","$930,481"
"Burch Smith","RP","DET
                 DET","36","2026","2026","1","$1,500,000","$1,500,000","","$1,275,401","$1,275,401"
"Peter Lambert","SP","HOU
                 HOU","29","2026","2026","1","$1,500,000","$1,500,000","","$877,005","$877,005"
"Rhys Hoskins","1B","CLE
                 CLE","33","2026","2026","1","$1,500,000","$1,500,000","","$2,400,000","$2,400,000"
"Jonathan Loaisiga","RP","ARI
                 ARI","31","2026","2026","1","$1,500,000","$1,500,000","","$1,500,000","$1,500,000"
"Walker Buehler","SP","SD
                 SD","31","2026","2026","1","$1,500,000","$1,500,000","","$1,500,000","$1,500,000"
"John King","RP","MIA
                 MIA","31","2026","2026","1","$1,500,000","$1,500,000","","$1,500,000","$1,500,000"
"Erick Fedde","RP","CHW
                 CHW","32","2026","2026","1","$1,500,000","$1,500,000","","$1,500,000","$1,500,000"
"Colin Holderman","RP","CLE
                 CLE","30","2026","2026","1","$1,500,000","$1,500,000","","$1,500,000","$1,500,000"
"Jacob Webb","RP","CHC
                 CHC","32","2026","2027","1","$1,500,000","$1,500,000","","$1,750,000","$1,750,000"
"Fernando Cruz","RP","NYY
                 NYY","35","2026","2026","1","$1,450,000","$1,450,000","","$1,450,000","$1,450,000"
"Nick Allen","SS","HOU
                 HOU","27","2026","2026","1","$1,400,000","$1,400,000","","$1,400,000","$1,400,000"
"JJ Bleday","LF","CIN
                 CIN","28","2026","2026","1","$1,400,000","$1,400,000","","$1,500,000","$1,500,000"
"Sam Hentges","RP","SF
                 SF","29","2026","2026","1","$1,400,000","$1,400,000","","$1,400,000","$1,400,000"
"Taylor Walls","SS","TB
                 TB","28","2025","2027","1","$1,400,000","$1,400,000","","$3,800,000","$3,800,000"
"Ezequiel Duran","2B","TEX
                 TEX","26","2026","2026","1","$1,375,000","$1,375,000","","$1,375,000","$1,375,000"
"Connor Wong","C","BOS
                 BOS","29","2026","2026","1","$1,375,000","$1,375,000","","$1,375,000","$1,375,000"
"Ty France","1B","SD
                 SD","31","2026","2026","1","$1,350,000","$1,350,000","","$1,350,000","$1,350,000"
"Ryan Weathers","SP","NYY
                 NYY","26","2026","2026","1","$1,350,000","$1,350,000","","$1,350,000","$1,350,000"
"Alex Jackson","C","MIN
                 MIN","30","2026","2026","1","$1,350,000","$1,350,000","","$1,350,000","$1,350,000"
"Josiah Gray","SP","WSH
                 WSH","27","2026","2026","1","$1,350,000","$1,350,000","","$1,350,000","$1,350,000"
"Nate Pearson","RP","KC
                 KC","29","2026","2026","1","$1,350,000","$1,350,000","","$483,673","$483,673"
"Enmanuel De Jesus","P","DET
                 DET","29","2026","2026","1","$1,300,000","$1,300,000","","$1,300,000","$1,300,000"
"Brock Stewart","RP","LAD
                 LAD","34","2026","2026","1","$1,300,000","$1,300,000","","$1,300,000","$1,300,000"
"Reed Garrett","RP","NYM
                 NYM","33","2026","2026","1","$1,300,000","$1,300,000","","$1,300,000","$1,300,000"
"Bryan Baker","RP","TB
                 TB","31","2026","2026","1","$1,275,000","$1,275,000","","$1,275,000","$1,275,000"
"Cal Quantrill","SP","TEX
                 TEX","31","2026","2026","1","$1,250,000","$1,250,000","","$1,109,627","$1,109,627"
"Dominic Smith","1B","ATL
                 ATL","30","2026","2026","1","$1,250,000","$1,250,000","","$1,250,000","$1,250,000"
"Ildemaro Vargas","2B","ARI
                 ARI","34","2026","2026","1","$1,250,000","$1,250,000","","$1,250,000","$1,250,000"
"Jordan Montgomery","SP","TEX
                 TEX","33","2026","2026","1","$1,250,000","$1,250,000","","$1,250,000","$1,250,000"
"Jonah Heim","C","ATH
                 ATH","30","2026","2026","1","$1,250,000","$1,250,000","","$1,075,936","$1,075,936"
"Brent Suter","RP","ATL
                 ATL","36","2026","2026","1","$1,250,000","$1,250,000","","$367,620","$367,620"
"Akil Baddoo","LF","MIL
                 MIL","27","2026","2026","1","$1,250,000","$1,250,000","","$973,468","$973,468"
"Ben Rortvedt","C","LAD
                 LAD","28","2026","2026","1","$1,250,000","$1,250,000","","$367,620","$367,620"
"Tanner Banks","RP","PHI
                 PHI","34","2026","2026","1","$1,200,000","$1,200,000","","$1,200,000","$1,200,000"
"Tyler Austin","1B","CHC
                 CHC","34","2026","2026","1","$1,200,000","$1,200,000","","$1,200,000","$1,200,000"
"Kyle Hart","RP","SD
                 SD","32","2026","2027","1","$1,200,000","$1,200,000","","$1,200,000","$1,200,000"
"Jared Young","1B","NYM
                 NYM","30","2026","2026","1","$1,150,000","$1,150,000","","$1,150,000","$1,150,000"
"Tyler Alexander","RP","TEX
                 TEX","31","2026","2026","1","$1,125,000","$1,125,000","","$1,225,000","$1,225,000"
"Cole Sands","RP","MIN
                 MIN","28","2026","2026","1","$1,100,000","$1,100,000","","$1,100,000","$1,100,000"
"Angel Zerpa","RP","MIL
                 MIL","26","2026","2026","1","$1,095,000","$1,095,000","","$1,095,000","$1,095,000"
"Paul Skenes","SP","PIT
                 PIT","23","2026","2026","1","$1,085,000","$1,085,000","","$1,085,000","$1,085,000"
"Huascar Brazoban","RP","CHW
                 CHW","36","2026","2026","1","$1,050,000","$1,050,000","","$308,825","$308,825"
"Cole Sulser","RP","TB
                 TB","35","2026","2026","1","$1,050,000","$1,050,000","","$1,050,000","$1,050,000"
"Daniel Lynch","RP","KC
                 KC","29","2026","2026","1","$1,025,000","$1,025,000","","$1,025,000","$1,025,000"
"Trent Thornton","RP","CHC
                 CHC","32","2026","2026","1","$1,000,000","$1,000,000","","$775,401","$775,401"
"Max Kranick","RP","WSH
                 WSH","28","2026","2026","1","$1,000,000","$1,000,000","","$1,000,000","$1,000,000"
"Tayler Saucedo","RP","LAA
                 LAA","32","2026","2026","1","$1,000,000","$1,000,000","","$363,664","$363,664"
"Trevor Richards","RP","CHW
                 CHW","32","2026","2026","1","$1,000,000","$1,000,000","","$974,462","$974,462"
"Joe Mantiply","RP","TOR
                 TOR","35","2026","2026","1","$1,000,000","$1,000,000","","$935,900","$935,900"
"Patrick Corbin","SP","TOR
                 TOR","36","2026","2026","1","$1,000,000","$1,000,000","","$946,524","$946,524"
"Christian Vazquez","C","HOU
                 HOU","35","2026","2026","1","$1,000,000","$1,000,000","","$1,000,000","$1,000,000"
"Starling Marte","RF","KC
                 KC","37","2026","2026","1","$1,000,000","$1,000,000","","$2,000,000","$2,000,000"
"Matt Festa","RP","CLE
                 CLE","32","2026","2026","1","$1,000,000","$1,000,000","","$1,000,000","$1,000,000"
"Richard Lovelady","RP","WSH
                 WSH","30","2026","2026","1","$1,000,000","$1,000,000","","$876,996","$876,996"
"Max Meyer","SP","MIA
                 MIA","26","2026","2026","1","$980,000","$980,000","","$980,000","$980,000"
"Jake Bird","RP","WSH
                 WSH","30","2026","2026","1","$975,000","$975,000","","$286,770","$286,770"
"Hayden Wesneski","SP","HOU
                 HOU","28","2026","2026","1","$975,000","$975,000","","$975,000","$975,000"
"Garrett Stubbs","C","PHI
                 PHI","32","2026","2026","1","$975,000","$975,000","","$870,797","$870,797"
"Jake Cousins","RP","LAD
                 LAD","31","2026","2026","1","$950,000","$950,000","","$950,000","$950,000"
"Garrett Mitchell","CF","MIL
                 MIL","27","2026","2026","1","$950,000","$950,000","","$950,000","$950,000"
"Ryan Vilade","LF","TB
                 TB","26","2026","2026","1","$950,000","$950,000","","$950,000","$950,000"
"Richard Palacios","OF","TB
                 TB","28","2026","2026","1","$945,000","$945,000","","$945,000","$945,000"
"Brennan Bernardino","RP","COL
                 COL","33","2026","2026","1","$925,000","$925,000","","$925,000","$925,000"
"Kevin Kelly","RP","TB
                 TB","28","2026","2026","1","$925,000","$925,000","","$925,000","$925,000"
"Danny Young","RP","ATL
                 ATL","31","2026","2026","1","$925,000","$925,000","","$925,000","$925,000"
"Eduard Bazardo","RP","SEA
                 SEA","30","2026","2026","1","$923,000","$923,000","","$923,000","$923,000"
"Bennett Sousa","RP","HOU
                 HOU","30","2026","2026","1","$910,000","$910,000","","$910,000","$910,000"
"Rob Zastryzny","RP","MIL
                 MIL","33","2026","2026","1","$902,500","$902,500","","$902,500","$902,500"
"Luis Campusano","C","SD
                 SD","27","2026","2026","1","$900,000","$900,000","","$900,000","$900,000"
"Taylor Trammell","OF","HOU
                 HOU","28","2026","2026","1","$900,000","$900,000","","$822,995","$822,995"
"Derek Hill","CF","PHI
                 PHI","29","2026","2026","1","$900,000","$900,000","","$519,804","$519,804"
"Eli White","OF","BOS
                 BOS","31","2026","2026","1","$900,000","$900,000","","$264,715","$264,715"
"José Suarez","RP","ATH
                 ATH","27","2026","2026","1","$900,000","$900,000","","$654,568","$654,568"
"Joey Wentz","SP","ATL
                 ATL","28","2026","2026","1","$900,000","$900,000","","$900,000","$900,000"
"Alex Lange","RP","KC
                 KC","30","2026","2026","1","$900,000","$900,000","","$1,000,000","$1,000,000"
"Tyler Gilbert","RP","CHW
                 CHW","31","2026","2026","1","$900,000","$900,000","","$742,348","$742,348"
"Rico Garcia","RP","BAL
                 BAL","31","2026","2026","1","$900,000","$900,000","","$900,000","$900,000"
"Rowan Wick","RP","SF
                 SF","33","2026","2027","1","$880,000","$880,000","","$880,000","$880,000"
"Sam Moll","RP","CIN
                 CIN","33","2026","2026","1","$875,000","$875,000","","$925,000","$925,000"
"Cade Cavalli","SP","WSH
                 WSH","27","2026","2027","1","$870,000","$870,000","","$870,000","$870,000"
"Austin Wells","C","NYY
                 NYY","26","2026","2026","1","$866,200","$866,200","","$866,200","$866,200"
"Rafael Marchán","C","PHI
                 PHI","26","2026","2026","1","$860,000","$860,000","","$860,000","$860,000"
"Michael Busch","1B","CHC
                 CHC","27","2026","2026","1","$860,000","$860,000","","$860,000","$860,000"
"Seth Martinez","RP","BOS
                 BOS","31","2026","2026","1","$850,000","$850,000","","$222,727","$222,727"
"Cristian Pache","CF","NYM
                 NYM","27","2026","2026","1","$850,000","$850,000","","$245,430","$245,430"
"Austin Wynns","C","TEX
                 TEX","35","2026","2026","1","$850,000","$850,000","","$309,060","$309,060"
"Bryan De La Cruz","RF","PHI
                 PHI","29","2026","2026","1","$850,000","$850,000","","$309,060","$309,060"
"Jordan Romano","RP","COL
                 COL","33","2026","2026","1","$850,000","$850,000","","$360,645","$360,645"
"Luke Maile","C","KC
                 KC","35","2026","2026","1","$850,000","$850,000","","$588,235","$588,235"
"José Cuas","RP","KC
                 KC","32","2026","2026","1","$850,000","$850,000","","$277,245","$277,245"
"Luis Urias","2B","TOR
                 TOR","29","2026","2026","1","$850,000","$850,000","","$440,865","$440,865"
"Jacob Waguespack","SP","DET
                 DET","32","2026","2026","1","$850,000","$850,000","","$577,540","$577,540"
"Josh Rojas","SS","KC
                 KC","31","2026","2026","1","$850,000","$850,000","","$855,615","$855,615"
"Tejay Antone","RP","CIN
                 CIN","32","2026","2026","1","$850,000","$850,000","","$760,081","$760,081"
"Michael Grove","RP","TB
                 TB","29","2026","2026","1","$850,000","$850,000","","$549,945","$549,945"
"Caleb Kilian","SP","PHI
                 PHI","28","2026","2026","1","$850,000","$850,000","","$249,975","$249,975"
"Justin Bruihl","RP","STL
                 STL","28","2026","2026","1","$850,000","$850,000","","$850,000","$850,000"
"Matt Gage","RP","SF
                 SF","32","2026","2026","1","$850,000","$850,000","","$850,000","$850,000"
"Justin Hagenman","SP","NYM
                 NYM","29","2026","2026","1","$850,000","$850,000","","$850,000","$850,000"
"Brandon Walter","SP","HOU
                 HOU","29","2026","2026","1","$850,000","$850,000","","$850,000","$850,000"
"Ben Rice","DH","NYY
                 NYY","26","2026","2026","1","$845,800","$845,800","","$845,800","$845,800"
"Luis Medina","SP","ATH
                 ATH","26","2026","2026","1","$835,000","$835,000","","$835,000","$835,000"
"Dillon Dingler","C","DET
                 DET","27","2026","2026","1","$834,900","$834,900","","$834,900","$834,900"
"Jahmai Jones","OF","BOS
                 BOS","28","2026","2026","1","$832,200","$832,200","","$333,750","$333,750"
"Bryan Woo","SP","SEA
                 SEA","25","2026","2026","1","$831,600","$831,600","","$831,600","$831,600"
"Will Warren","SP","NYY
                 NYY","26","2026","2026","1","$826,625","$826,625","","$826,625","$826,625"
"Ken Waldichuk","SP","WSH
                 WSH","27","2026","2026","1","$825,000","$825,000","","$825,000","$825,000"
"Yohan Ramirez","RP","PIT
                 PIT","30","2026","2026","1","$825,000","$825,000","","$825,000","$825,000"
"Cade Smith","RP","CLE
                 CLE","26","2026","2026","1","$824,600","$824,600","","$824,600","$824,600"
"Andres Chaparro","3B","WSH
                 WSH","26","2026","2026","1","$822,600","$822,600","","$602,663","$602,663"
"Gavin Williams","SP","CLE
                 CLE","26","2026","2026","1","$822,200","$822,200","","$822,200","$822,200"
"Louie Varland","RP","TOR
                 TOR","27","2026","2026","1","$821,500","$821,500","","$821,500","$821,500"
"Christian Encarnacion-Strand","1B","BAL
                 BAL","26","2026","2026","1","$820,000","$820,000","","$446,369","$446,369"
"Ali Sanchez","C","NYY
                 NYY","29","2026","2026","1","$820,000","$820,000","","$495,508","$495,508"
"Tayron Guerrero","RP","BOS
                 BOS","35","2026","2026","1","$820,000","$820,000","","$551,872","$551,872"
"Albert Suarez","RP","BAL
                 BAL","36","2026","2026","1","$820,000","$820,000","","$530,585","$530,585"
"Dylan Crews","RF","WSH
                 WSH","23","2026","2026","1","$820,000","$820,000","","$574,435","$574,435"
"Mitchell Parker","SP","WSH
                 WSH","26","2026","2026","1","$820,000","$820,000","","$727,910","$727,910"
"Orlando Ribalta","RP","WSH
                 WSH","27","2026","2026","1","$820,000","$820,000","","$662,135","$662,135"
"Endy Rodríguez","1B","PIT
                 PIT","25","2026","2026","1","$820,000","$820,000","","$605,130","$605,130"
"Ryan Kreidler","SS","MIN
                 MIN","27","2026","2026","1","$820,000","$820,000","","$680,557","$680,557"
"Johan Rojas","CF","PHI
                 PHI","25","2026","2026","1","$820,000","$820,000","","$406,418","$406,418"
"Austin Warren","RP","NYM
                 NYM","29","2026","2026","1","$820,000","$820,000","","$701,600","$701,600"
"Zebby Matthews","SP","MIN
                 MIN","25","2026","2026","1","$820,000","$820,000","","$570,050","$570,050"
"Robert Gasser","SP","MIL
                 MIL","26","2026","2026","1","$820,000","$820,000","","$617,650","$617,650"
"Spencer Arrighetti","SP","TOR
                 TOR","25","2026","2026","1","$820,000","$820,000","","$754,755","$754,755"
"Keider Montero","SP","DET
                 DET","25","2026","2026","1","$820,000","$820,000","","$763,694","$763,694"
"Wenceel Perez","CF","DET
                 DET","25","2026","2026","1","$820,000","$820,000","","$764,523","$764,523"
"Zack Kelly","RP","BOS
                 BOS","30","2026","2026","1","$820,000","$820,000","","$613,989","$613,989"
"Zack Gelof","2B","ATH
                 ATH","25","2026","2026","1","$820,000","$820,000","","$760,372","$760,372"
"Drey Jameson","RP","ARI
                 ARI","28","2026","2026","1","$820,000","$820,000","","$586,973","$586,973"
"Jared Triolo","3B","PIT
                 PIT","27","2026","2026","1","$818,900","$818,900","","$818,900","$818,900"
"Reese Olson","SP","DET
                 DET","26","2026","2026","1","$818,100","$818,100","","$818,100","$818,100"
"Cade Horton","SP","CHC
                 CHC","24","2026","2026","1","$817,500","$817,500","","$817,500","$817,500"
"Mark Vientos","3B","NYM
                 NYM","25","2026","2026","1","$813,750","$813,750","","$813,750","$813,750"
"Brendon Little","RP","TOR
                 TOR","29","2026","2026","1","$811,900","$811,900","","$577,258","$577,258"
"Brett Baty","2B","NYM
                 NYM","25","2026","2026","1","$811,500","$811,500","","$811,500","$811,500"
"Addison Barger","SS","TOR
                 TOR","25","2026","2026","1","$811,000","$811,000","","$811,000","$811,000"
"Otto Lopez","2B","MIA
                 MIA","27","2026","2026","1","$810,500","$810,500","","$810,500","$810,500"
"James McArthur","RP","KC
                 KC","28","2026","2026","1","$810,000","$810,000","","$810,000","$810,000"
"Erik Miller","RP","BOS
                 BOS","27","2026","2026","1","$810,000","$810,000","","$238,260","$238,260"
"Casey Schmitt","3B","SF
                 SF","26","2026","2026","1","$810,000","$810,000","","$810,000","$810,000"
"Patrick Bailey","C","CLE
                 CLE","26","2026","2026","1","$810,000","$810,000","","$610,812","$610,812"
"Heliot Ramos","LF","NYY
                 NYY","26","2026","2026","1","$810,000","$810,000","","$238,260","$238,260"
"Gavin Stone","SP","LAD
                 LAD","26","2026","2026","1","$810,000","$810,000","","$810,000","$810,000"
"Jack Dreyer","RP","LAD
                 LAD","26","2026","2026","1","$810,000","$810,000","","$810,000","$810,000"
"Ben Joyce","RP","LAA
                 LAA","25","2026","2026","1","$810,000","$810,000","","$810,000","$810,000"
"Oswald Peraza","SS","LAA
                 LAA","25","2026","2026","1","$810,000","$810,000","","$810,000","$810,000"
"Nolan Schanuel","1B","LAA
                 LAA","23","2026","2026","1","$810,000","$810,000","","$810,000","$810,000"
"Hunter Goodman","RF","COL
                 COL","25","2026","2026","1","$810,000","$810,000","","$810,000","$810,000"
"Wilyer Abreu","RF","BOS
                 BOS","26","2026","2026","1","$810,000","$810,000","","$810,000","$810,000"
"Grayson Rodriguez","SP","LAA
                 LAA","25","2026","2026","1","$810,000","$810,000","","$810,000","$810,000"
"Cam Smith","RF","HOU
                 HOU","22","2026","2026","1","$809,900","$809,900","","$809,900","$809,900"
"Bowden Francis","SP","TOR
                 TOR","29","2026","2026","1","$809,800","$809,800","","$809,800","$809,800"
"Tommy Nance","RP","MIN
                 MIN","34","2026","2026","1","$809,700","$809,700","","$343,905","$343,905"
"Jeremiah Estrada","RP","SD
                 SD","26","2026","2026","1","$809,500","$809,500","","$809,500","$809,500"
"Hunter Gaddis","RP","CLE
                 CLE","27","2026","2026","1","$809,500","$809,500","","$809,500","$809,500"
"Ronny Henriquez","RP","MIA
                 MIA","25","2026","2026","1","$809,000","$809,000","","$809,000","$809,000"
"Randy Vasquez","SP","SD
                 SD","26","2026","2026","1","$808,800","$808,800","","$808,800","$808,800"
"Nathan Lukes","CF","TOR
                 TOR","31","2026","2026","1","$808,500","$808,500","","$808,500","$808,500"
"Miguel Amaya","C","CHC
                 CHC","26","2026","2026","1","$808,500","$808,500","","$808,500","$808,500"
"Daniel Palencia","RP","CHC
                 CHC","25","2026","2026","1","$808,000","$808,000","","$808,000","$808,000"
"Andruw Monasterio","SS","BOS
                 BOS","28","2026","2026","1","$807,500","$807,500","","$807,500","$807,500"
"Bryan Hoeing","RP","SD
                 SD","28","2026","2026","1","$807,000","$807,000","","$807,000","$807,000"
"James Wood","LF","WSH
                 WSH","23","2026","2026","1","$806,900","$806,900","","$806,900","$806,900"
"Carmen Mlodzinski","RP","PIT
                 PIT","26","2026","2026","1","$806,800","$806,800","","$806,800","$806,800"
"Miguel Vargas","3B","CHW
                 CHW","25","2026","2026","1","$805,700","$805,700","","$805,700","$805,700"
"Orion Kerkering","RP","PHI
                 PHI","24","2026","2026","1","$805,500","$805,500","","$805,500","$805,500"
"Parker Meadows","CF","DET
                 DET","25","2026","2026","1","$805,300","$805,300","","$805,300","$805,300"
"Wyatt Langford","LF","TEX
                 TEX","23","2026","2026","1","$805,000","$805,000","","$805,000","$805,000"
"Matt Shaw","3B","CHC
                 CHC","23","2026","2026","1","$804,500","$804,500","","$804,500","$804,500"
"Kyle Stowers","RF","MIA
                 MIA","27","2026","2026","1","$804,200","$804,200","","$804,200","$804,200"
"Xavier Edwards","SS","MIA
                 MIA","26","2026","2026","1","$804,000","$804,000","","$804,000","$804,000"
"Kody Clemens","2B","MIN
                 MIN","29","2026","2026","1","$803,900","$803,900","","$803,900","$803,900"
"Lenyn Sosa","2B","TOR
                 TOR","25","2026","2026","1","$803,550","$803,550","","$717,599","$717,599"
"Lucas Erceg","RP","KC
                 KC","30","2026","2026","1","$803,500","$803,500","","$803,500","$803,500"
"Quinn Priester","SP","MIL
                 MIL","25","2026","2026","1","$803,200","$803,200","","$803,200","$803,200"
"Jordan Westburg","2B","BAL
                 BAL","26","2026","2026","1","$802,800","$802,800","","$802,800","$802,800"
"Ronel Blanco","SP","HOU
                 HOU","32","2026","2026","1","$802,700","$802,700","","$802,700","$802,700"
"Jackson Holliday","2B","BAL
                 BAL","21","2026","2026","1","$802,200","$802,200","","$802,200","$802,200"
"Taj Bradley","SP","MIN
                 MIN","24","2026","2026","1","$802,050","$802,050","","$802,050","$802,050"
"Spencer Horwitz","1B","PIT
                 PIT","27","2026","2026","1","$802,000","$802,000","","$802,000","$802,000"
"Noah Cameron","SP","KC
                 KC","26","2026","2026","1","$802,000","$802,000","","$802,000","$802,000"
"Jared Jones","SP","PIT
                 PIT","24","2026","2026","1","$801,600","$801,600","","$801,600","$801,600"
"Nick Gonzales","2B","PIT
                 PIT","26","2026","2026","1","$801,600","$801,600","","$801,600","$801,600"
"Colton Cowser","CF","BAL
                 BAL","25","2026","2026","1","$801,500","$801,500","","$801,500","$801,500"
"Cam Schlittler","SP","NYY
                 NYY","24","2026","2026","1","$801,425","$801,425","","$801,425","$801,425"
"Tim Herrin","RP","CLE
                 CLE","28","2026","2026","1","$801,200","$801,200","","$801,200","$801,200"
"Gabriel Arias","2B","NYM
                 NYM","25","2026","2026","1","$801,100","$801,100","","$218,484","$218,484"
"Sal Frelick","LF","MIL
                 MIL","25","2026","2026","1","$800,600","$800,600","","$800,600","$800,600"
"Robert Garcia","RP","TEX
                 TEX","29","2026","2026","1","$800,500","$800,500","","$800,500","$800,500"
"Henry Davis","C","PIT
                 PIT","26","2026","2026","1","$800,400","$800,400","","$800,400","$800,400"
"Jake Mangum","CF","PIT
                 PIT","29","2026","2026","1","$800,200","$800,200","","$800,200","$800,200"
"Michael Burrows","SP","HOU
                 HOU","25","2026","2026","1","$800,100","$800,100","","$573,414","$573,414"
"Shaun Anderson","RP","LAA
                 LAA","31","2026","2026","1","$800,000","$800,000","","$359,352","$359,352"
"Brett Sullivan","C","COL
                 COL","32","2026","2026","1","$800,000","$800,000","","$800,000","$800,000"
"Connor Seabold","RP","KC
                 KC","30","2026","2026","1","$800,000","$800,000","","$444,920","$444,920"
"Andrew Nardi","RP","MIA
                 MIA","27","2026","2026","1","$800,000","$800,000","","$800,000","$800,000"
"Yohel Pozo","C","BAL
                 BAL","28","2026","2026","1","$800,000","$800,000","","$275,254","$275,254"
"Hayden Birdsong","RP","SF
                 SF","24","2026","2026","1","$800,000","$800,000","","$800,000","$800,000"
"Keaton Winn","RP","SF
                 SF","27","2026","2026","1","$800,000","$800,000","","$800,000","$800,000"
"Randy Rodriguez","RP","SF
                 SF","26","2026","2026","1","$800,000","$800,000","","$800,000","$800,000"
"Landen Roupp","SP","SF
                 SF","27","2026","2026","1","$800,000","$800,000","","$800,000","$800,000"
"Christian Koss","SS","SF
                 SF","27","2026","2026","1","$800,000","$800,000","","$598,920","$598,920"
"Jose Butto","RP","SF
                 SF","27","2026","2026","1","$800,000","$800,000","","$800,000","$800,000"
"Dane Myers","OF","CIN
                 CIN","29","2026","2026","1","$800,000","$800,000","","$800,000","$800,000"
"Bobby Miller","SP","LAD
                 LAD","26","2026","2026","1","$800,000","$800,000","","$800,000","$800,000"
"Ben Casparius","RP","LAD
                 LAD","26","2026","2026","1","$800,000","$800,000","","$800,000","$800,000"
"Roki Sasaki","SP","LAD
                 LAD","23","2026","2026","1","$800,000","$800,000","","$800,000","$800,000"
"Andy Pages","CF","LAD
                 LAD","24","2026","2026","1","$800,000","$800,000","","$800,000","$800,000"
"Jack Kochanowicz","SP","LAA
                 LAA","24","2026","2026","1","$800,000","$800,000","","$800,000","$800,000"
"Chase Silseth","RP","TEX
                 TEX","25","2026","2026","1","$800,000","$800,000","","$256,680","$256,680"
"Sam Bachman","RP","LAA
                 LAA","26","2026","2026","1","$800,000","$800,000","","$800,000","$800,000"
"Reiver Sanmartin","RP","SF
                 SF","29","2026","2026","1","$800,000","$800,000","","$598,920","$598,920"
"Brandon Williamson","SP","CIN
                 CIN","27","2026","2026","1","$800,000","$800,000","","$800,000","$800,000"
"Andrew Abbott","SP","CIN
                 CIN","26","2026","2026","1","$800,000","$800,000","","$800,000","$800,000"
"Elly De La Cruz","SS","CIN
                 CIN","23","2026","2026","1","$800,000","$800,000","","$800,000","$800,000"
"Ben Brown","SP","CHC
                 CHC","26","2026","2026","1","$800,000","$800,000","","$800,000","$800,000"
"Cooper Criswell","RP","SEA
                 SEA","29","2026","2026","1","$800,000","$800,000","","$800,000","$800,000"
"Vaughn Grissom","2B","LAA
                 LAA","24","2026","2026","1","$800,000","$800,000","","$800,000","$800,000"
"Carlos Narvaez","C","BAL
                 BAL","26","2026","2026","1","$800,000","$800,000","","$235,290","$235,290"
"Grant Wolfram","RP","BAL
                 BAL","28","2026","2026","1","$800,000","$800,000","","$800,000","$800,000"
"Drake Baldwin","C","ATL
                 ATL","24","2026","2026","1","$800,000","$800,000","","$800,000","$800,000"
"Spencer Schwellenbach","SP","ATL
                 ATL","25","2026","2026","1","$800,000","$800,000","","$800,000","$800,000"
"Grant Holmes","SP","ATL
                 ATL","29","2026","2026","1","$800,000","$800,000","","$800,000","$800,000"
"Bryan King","RP","HOU
                 HOU","28","2026","2026","1","$799,900","$799,900","","$778,596","$778,596"
"Isaac Collins","OF","KC
                 KC","28","2026","2026","1","$799,750","$799,750","","$799,750","$799,750"
"Eury Pérez","SP","MIA
                 MIA","22","2026","2026","1","$799,500","$799,500","","$799,500","$799,500"
"Masyn Winn","SS","STL
                 STL","23","2026","2026","1","$799,450","$799,450","","$799,450","$799,450"
"Jordan Walker","RF","STL
                 STL","23","2026","2026","1","$799,400","$799,400","","$799,400","$799,400"
"Davis Martin","SP","CHW
                 CHW","28","2026","2026","1","$798,900","$798,900","","$798,900","$798,900"
"Iván Herrera","C","STL
                 STL","25","2026","2026","1","$798,800","$798,800","","$798,800","$798,800"
"Colson Montgomery","SS","CHW
                 CHW","23","2026","2026","1","$798,500","$798,500","","$798,500","$798,500"
"Abner Uribe","RP","MIL
                 MIL","25","2026","2026","1","$798,300","$798,300","","$794,008","$794,008"
"Janson Junk","SP","MIA
                 MIA","29","2026","2026","1","$798,000","$798,000","","$798,000","$798,000"
"Brayan Rocchio","SS","CLE
                 CLE","24","2026","2026","1","$797,600","$797,600","","$797,600","$797,600"
"James Outman","CF","DET
                 DET","28","2026","2026","1","$797,550","$797,550","","$460,617","$460,617"
"Jordan Leasure","RP","CHW
                 CHW","27","2026","2026","1","$797,550","$797,550","","$761,881","$761,881"
"Alec Marsh","SP","KC
                 KC","27","2026","2026","1","$797,500","$797,500","","$797,500","$797,500"
"Chris Murphy","RP","CHW
                 CHW","27","2026","2026","1","$797,250","$797,250","","$722,979","$722,979"
"Mason Fluharty","RP","TOR
                 TOR","24","2026","2026","1","$797,000","$797,000","","$797,000","$797,000"
"Pedro Pages","C","STL
                 STL","27","2026","2026","1","$796,900","$796,900","","$796,900","$796,900"
"José Ferrer","RP","SEA
                 SEA","25","2026","2026","1","$796,600","$796,600","","$796,600","$796,600"
"Braydon Fisher","RP","TOR
                 TOR","25","2026","2026","1","$796,600","$796,600","","$796,600","$796,600"
"Dominic Canzone","RF","SEA
                 SEA","28","2026","2026","1","$796,600","$796,600","","$796,600","$796,600"
"Joey Cantillo","SP","CLE
                 CLE","25","2026","2026","1","$796,600","$796,600","","$796,600","$796,600"
"Jonathan Aranda","1B","TB
                 TB","27","2026","2026","1","$796,400","$796,400","","$796,400","$796,400"
"Chad Patrick","RP","MIL
                 MIL","27","2026","2026","1","$796,400","$796,400","","$796,400","$796,400"
"Simeon Woods-Richardson","SP","TOR
                 TOR","25","2026","2026","1","$796,250","$796,250","","$302,318","$302,318"
"Brant Hurter","RP","DET
                 DET","27","2026","2026","1","$796,200","$796,200","","$796,200","$796,200"
"Caleb Durbin","SS","BOS
                 BOS","25","2026","2026","1","$796,000","$796,000","","$796,000","$796,000"
"Kyle Leahy","RP","STL
                 STL","28","2026","2026","1","$795,600","$795,600","","$795,600","$795,600"
"Slade Cecconi","SP","CLE
                 CLE","26","2026","2026","1","$795,600","$795,600","","$795,600","$795,600"
"Braxton Ashcraft","RP","PIT
                 PIT","26","2026","2026","1","$795,100","$795,100","","$795,100","$795,100"
"Riley O'Brien","RP","STL
                 STL","30","2026","2026","1","$795,050","$795,050","","$795,050","$795,050"
"Mike Vasil","RP","CHW
                 CHW","25","2026","2026","1","$795,050","$795,050","","$795,050","$795,050"
"Junior Caminero","3B","TB
                 TB","22","2026","2026","1","$794,800","$794,800","","$794,800","$794,800"
"Kody Funderburk","RP","MIN
                 MIN","28","2026","2026","1","$794,700","$794,700","","$680,836","$680,836"
"Jacob Young","CF","WSH
                 WSH","26","2026","2026","1","$794,200","$794,200","","$794,200","$794,200"
"Jack Leiter","SP","TEX
                 TEX","25","2026","2026","1","$794,000","$794,000","","$794,000","$794,000"
"Connor Norby","3B","COL
                 COL","25","2026","2026","1","$794,000","$794,000","","$203,808","$203,808"
"Tyler Phillips","RP","MIA
                 MIA","27","2026","2026","1","$794,000","$794,000","","$794,000","$794,000"
"Manuel Rodriguez","RP","TB
                 TB","29","2026","2026","1","$793,600","$793,600","","$793,600","$793,600"
"Jacob Latz","SP","TEX
                 TEX","29","2026","2026","1","$793,500","$793,500","","$793,500","$793,500"
"George Soriano","RP","STL
                 STL","26","2026","2026","1","$793,350","$793,350","","$793,350","$793,350"
"Emerson Hancock","RP","SEA
                 SEA","26","2026","2026","1","$793,300","$793,300","","$793,300","$793,300"
"Stephen Kolek","SP","KC
                 KC","28","2026","2026","1","$793,250","$793,250","","$786,806","$786,806"
"Sean Burke","SP","CHW
                 CHW","25","2026","2026","1","$793,200","$793,200","","$793,200","$793,200"
"Brooks Lee","3B","MIN
                 MIN","24","2026","2026","1","$793,050","$793,050","","$793,050","$793,050"
"Cody Bradford","RP","TEX
                 TEX","27","2026","2026","1","$793,000","$793,000","","$793,000","$793,000"
"Mason Montgomery","RP","PIT
                 PIT","25","2026","2026","1","$793,000","$793,000","","$793,000","$793,000"
"Blaze Alexander","SS","BAL
                 BAL","26","2026","2026","1","$792,800","$792,800","","$792,800","$792,800"
"Brent Headrick","RP","NYY
                 NYY","27","2026","2026","1","$792,675","$792,675","","$792,675","$792,675"
"Michael Petersen","RP","MIA
                 MIA","31","2026","2026","1","$792,500","$792,500","","$792,500","$792,500"
"Jose Fermin","2B","STL
                 STL","26","2026","2026","1","$792,350","$792,350","","$792,350","$792,350"
"Dedniel Nunez","RP","NYM
                 NYM","29","2026","2026","1","$792,000","$792,000","","$792,000","$792,000"
"Agustin Ramirez","C","MIA
                 MIA","24","2026","2026","1","$792,000","$792,000","","$434,524","$434,524"
"Erik Sabrowski","RP","CLE
                 CLE","27","2026","2026","1","$791,600","$791,600","","$791,600","$791,600"
"Nolan McLean","SP","NYM
                 NYM","24","2026","2026","1","$791,500","$791,500","","$791,500","$791,500"
"Evan Carter","CF","TEX
                 TEX","23","2026","2026","1","$791,500","$791,500","","$791,500","$791,500"
"Lake Bachar","RP","PIT
                 PIT","30","2026","2026","1","$791,500","$791,500","","$791,500","$791,500"
"Javier Sanoja","SS","MIA
                 MIA","23","2026","2026","1","$791,500","$791,500","","$791,500","$791,500"
"Esteury Ruiz","CF","MIA
                 MIA","26","2026","2026","1","$791,500","$791,500","","$791,500","$791,500"
"Justin Slaten","RP","BOS
                 BOS","28","2026","2026","1","$791,500","$791,500","","$791,500","$791,500"
"David Festa","SP","MIN
                 MIN","25","2026","2026","1","$791,200","$791,200","","$791,200","$791,200"
"Coby Mayo","3B","BAL
                 BAL","23","2026","2026","1","$790,800","$790,800","","$790,800","$790,800"
"A.J. Blubaugh","SP","HOU
                 HOU","25","2026","2026","1","$790,700","$790,700","","$725,069","$725,069"
"Austin Martin","SS","MIN
                 MIN","26","2026","2026","1","$790,650","$790,650","","$790,650","$790,650"
"Jorbit Vivas","SS","WSH
                 WSH","24","2026","2026","1","$790,600","$790,600","","$790,600","$790,600"
"Joey Ortiz","SS","MIL
                 MIL","27","2026","2026","1","$790,400","$790,400","","$790,400","$790,400"
"Carlos Vargas","RP","SEA
                 SEA","25","2026","2026","1","$790,100","$790,100","","$790,100","$790,100"
"Liam Hicks","C","TB
                 TB","26","2026","2026","1","$790,000","$790,000","","$232,375","$232,375"
"Will Klein","RP","LAD
                 LAD","25","2026","2026","1","$790,000","$790,000","","$790,000","$790,000"
"Edgardo Henriquez","RP","LAD
                 LAD","23","2026","2026","1","$790,000","$790,000","","$790,000","$790,000"
"Justin Wrobleski","RP","LAD
                 LAD","25","2026","2026","1","$790,000","$790,000","","$790,000","$790,000"
"Dalton Rushing","C","LAD
                 LAD","24","2026","2026","1","$790,000","$790,000","","$790,000","$790,000"
"Ryan Johnson","RP","LAA
                 LAA","23","2026","2026","1","$790,000","$790,000","","$684,272","$684,272"
"Victor Vodnik","RP","MIA
                 MIA","25","2026","2026","1","$790,000","$790,000","","$233,602","$233,602"
"Rhett Lowder","SP","CIN
                 CIN","23","2026","2026","1","$790,000","$790,000","","$790,000","$790,000"
"Noelvi Marte","3B","CIN
                 CIN","23","2026","2026","1","$790,000","$790,000","","$671,651","$671,651"
"Jovani Morán","RP","BOS
                 BOS","28","2026","2026","1","$790,000","$790,000","","$790,000","$790,000"
"Connelly Early","SP","WSH
                 WSH","23","2026","2026","1","$789,500","$789,500","","$262,773","$262,773"
"Jonny DeLuca","CF","TB
                 TB","27","2026","2026","1","$789,300","$789,300","","$789,300","$789,300"
"Brooks Baldwin","SS","CHW
                 CHW","25","2026","2026","1","$789,250","$789,250","","$789,250","$789,250"
"Chase Meidroth","SS","CHW
                 CHW","24","2026","2026","1","$789,100","$789,100","","$789,100","$789,100"
"Kumar Rocker","SP","TEX
                 TEX","25","2026","2026","1","$789,000","$789,000","","$789,000","$789,000"
"Trey Yesavage","SP","TOR
                 TOR","22","2026","2026","1","$788,800","$788,800","","$788,800","$788,800"
"Trey Sweeney","SS","DET
                 DET","25","2026","2026","1","$788,700","$788,700","","$788,700","$788,700"
"Jeremiah Jackson","2B","BAL
                 BAL","25","2026","2026","1","$788,700","$788,700","","$771,010","$771,010"
"Drew Thorpe","SP","CHW
                 CHW","25","2026","2026","1","$788,600","$788,600","","$788,600","$788,600"
"Graham Pauley","3B","MIA
                 MIA","25","2026","2026","1","$788,500","$788,500","","$489,172","$489,172"
"Parker Messick","SP","CLE
                 CLE","24","2026","2026","1","$788,400","$788,400","","$788,400","$788,400"
"Jacob Misiorowski","SP","MIL
                 MIL","23","2026","2026","1","$788,300","$788,300","","$788,300","$788,300"
"Luke Keaschall","2B","MIN
                 MIN","23","2026","2026","1","$788,200","$788,200","","$788,200","$788,200"
"Kyle Teel","C","CHW
                 CHW","23","2026","2026","1","$788,050","$788,050","","$788,050","$788,050"
"Cole Winn","RP","TEX
                 TEX","25","2026","2026","1","$788,000","$788,000","","$788,000","$788,000"
"David Morgan","RP","SD
                 SD","25","2026","2026","1","$788,000","$788,000","","$636,314","$636,314"
"D.L. Hall","RP","MIL
                 MIL","27","2026","2026","1","$788,000","$788,000","","$788,000","$788,000"
"Heriberto Hernandez","C","MIA
                 MIA","25","2026","2026","1","$788,000","$788,000","","$759,190","$759,190"
"Angel Martinez","CF","CLE
                 CLE","23","2026","2026","1","$788,000","$788,000","","$788,000","$788,000"
"Casey Legumina","RP","TB
                 TB","28","2026","2026","1","$787,900","$787,900","","$657,228","$657,228"
"Grant Taylor","RP","CHW
                 CHW","23","2026","2026","1","$787,900","$787,900","","$787,900","$787,900"
"Tim Tawa","2B","ARI
                 ARI","26","2026","2026","1","$787,700","$787,700","","$696,830","$696,830"
"Hunter Dobbins","SP","STL
                 STL","26","2026","2026","1","$787,600","$787,600","","$320,112","$320,112"
"Chris Roycroft","RP","TB
                 TB","28","2026","2026","1","$787,500","$787,500","","$332,669","$332,669"
"Moisés Ballesteros","C","LAA
                 LAA","21","2026","2026","1","$787,500","$787,500","","$227,394","$227,394"
"Edgar Quero","C","CHW
                 CHW","22","2026","2026","1","$787,450","$787,450","","$593,751","$593,751"
"Dylan Beavers","RF","BAL
                 BAL","24","2026","2026","1","$787,400","$787,400","","$787,400","$787,400"
"David Hamilton","SS","MIL
                 MIL","28","2026","2026","1","$787,300","$787,300","","$787,300","$787,300"
"Bubba Chandler","SP","PIT
                 PIT","23","2026","2026","1","$787,200","$787,200","","$787,200","$787,200"
"Andrew Saalfrank","RP","ARI
                 ARI","28","2026","2026","1","$786,900","$786,900","","$786,900","$786,900"
"Nick Loftin","SS","KC
                 KC","27","2026","2026","1","$786,750","$786,750","","$747,734","$747,734"
"Leonardo Rivas","2B","SEA
                 SEA","27","2026","2026","1","$786,200","$786,200","","$475,052","$475,052"
"Cole Young","SS","SEA
                 SEA","22","2026","2026","1","$786,100","$786,100","","$786,100","$786,100"
"Kyle Harrison","RP","MIL
                 MIL","24","2026","2026","1","$786,100","$786,100","","$786,100","$786,100"
"Daylen Lile","OF","WSH
                 WSH","22","2026","2026","1","$786,000","$786,000","","$786,000","$786,000"
"Adam Mazur","SP","MIA
                 MIA","24","2026","2026","1","$786,000","$786,000","","$786,000","$786,000"
"Jakob Marsee","OF","MIA
                 MIA","24","2026","2026","1","$786,000","$786,000","","$786,000","$786,000"
"Griffin Conine","LF","MIA
                 MIA","28","2026","2026","1","$786,000","$786,000","","$786,000","$786,000"
"Luisangel Acuna","2B","CHW
                 CHW","23","2026","2026","1","$785,950","$785,950","","$785,950","$785,950"
"Logan Evans","SP","SEA
                 SEA","24","2026","2026","1","$785,800","$785,800","","$785,800","$785,800"
"Yaramil Hiraldo","RP","BAL
                 BAL","29","2026","2026","1","$785,800","$785,800","","$711,944","$711,944"
"Ben Williamson","3B","TB
                 TB","24","2026","2026","1","$785,700","$785,700","","$785,700","$785,700"
"Tyler Locklear","1B","ARI
                 ARI","24","2026","2026","1","$785,700","$785,700","","$539,165","$539,165"
"Troy Melton","RP","DET
                 DET","24","2026","2026","1","$785,500","$785,500","","$785,500","$785,500"
"Clayton Beeter","RP","WSH
                 WSH","27","2026","2026","1","$785,225","$785,225","","$785,225","$785,225"
"Colin Selby","RP","BAL
                 BAL","28","2026","2026","1","$785,200","$785,200","","$785,200","$785,200"
"Brad Lord","SP","WSH
                 WSH","25","2026","2026","1","$785,200","$785,200","","$785,200","$785,200"
"Ky Bush","SP","CHW
                 CHW","25","2026","2026","1","$785,200","$785,200","","$785,200","$785,200"
"Prelander Berroa","RP","CHW
                 CHW","25","2026","2026","1","$785,200","$785,200","","$785,200","$785,200"
"Chandler Simpson","2B","TB
                 TB","24","2026","2026","1","$785,100","$785,100","","$785,100","$785,100"
"Juan Morillo","RP","ARI
                 ARI","26","2026","2026","1","$785,100","$785,100","","$785,100","$785,100"
"Joel Peguero","RP","SF
                 SF","28","2026","2026","1","$785,000","$785,000","","$785,000","$785,000"
"Jonathan Bowlan","RP","PHI
                 PHI","28","2026","2026","1","$785,000","$785,000","","$785,000","$785,000"
"Jeff Criswell","RP","COL
                 COL","26","2026","2026","1","$785,000","$785,000","","$698,118","$698,118"
"Jordan Beck","LF","COL
                 COL","24","2026","2026","1","$785,000","$785,000","","$633,898","$633,898"
"Chase Burns","RP","CIN
                 CIN","22","2026","2026","1","$785,000","$785,000","","$785,000","$785,000"
"J.T. Ginn","SP","ATH
                 ATH","26","2026","2026","1","$785,000","$785,000","","$785,000","$785,000"
"Hogan Harris","RP","ATH
                 ATH","28","2026","2026","1","$785,000","$785,000","","$785,000","$785,000"
"Nick Kurtz","1B","ATH
                 ATH","22","2026","2026","1","$785,000","$785,000","","$785,000","$785,000"
"Gordon Graceffo","RP","STL
                 STL","25","2026","2026","1","$784,550","$784,550","","$746,710","$746,710"
"Michael McGreevy","SP","STL
                 STL","25","2026","2026","1","$784,550","$784,550","","$784,550","$784,550"
"José Tena","SS","WSH
                 WSH","24","2026","2026","1","$784,400","$784,400","","$784,400","$784,400"
"Jackson Jobe","SP","DET
                 DET","23","2026","2026","1","$784,300","$784,300","","$784,300","$784,300"
"DJ Herz","SP","WSH
                 WSH","24","2026","2026","1","$784,200","$784,200","","$784,200","$784,200"
"Bailey Horn","RP","DET
                 DET","27","2026","2026","1","$784,100","$784,100","","$784,100","$784,100"
"Jac Caglianone","1B","KC
                 KC","22","2026","2026","1","$784,000","$784,000","","$784,000","$784,000"
"Ian Seymour","RP","TB
                 TB","27","2026","2026","1","$783,800","$783,800","","$783,800","$783,800"
"Blake Walston","RP","ARI
                 ARI","24","2026","2026","1","$783,700","$783,700","","$783,700","$783,700"
"Sawyer Gipson-Long","SP","DET
                 DET","27","2026","2026","1","$783,600","$783,600","","$54,474","$54,474"
"Jorge Barrosa","OF","ARI
                 ARI","24","2026","2026","1","$783,600","$783,600","","$783,600","$783,600"
"Jordan Lawlar","SS","ARI
                 ARI","23","2026","2026","1","$783,600","$783,600","","$783,600","$783,600"
"Marcelo Mayer","3B","SF
                 SF","22","2026","2026","1","$783,500","$783,500","","$230,450","$230,450"
"Travis Adams","RP","MIN
                 MIN","25","2026","2026","1","$783,300","$783,300","","$726,853","$726,853"
"Brady House","SS","WSH
                 WSH","22","2026","2026","1","$783,200","$783,200","","$498,372","$498,372"
"Nasim Nunez","SS","WSH
                 WSH","25","2026","2026","1","$783,100","$783,100","","$783,100","$783,100"
"Brandon Lockridge","OF","MIL
                 MIL","28","2026","2026","1","$783,100","$783,100","","$783,100","$783,100"
"Tyler Tolbert","SS","KC
                 KC","27","2026","2026","1","$783,000","$783,000","","$698,384","$698,384"
"Yoendrys Gomez","SP","MIN
                 MIN","25","2026","2026","1","$783,000","$783,000","","$606,194","$606,194"
"Bradgley Rodriguez","RP","SD
                 SD","21","2026","2026","1","$782,800","$782,800","","$740,922","$740,922"
"Drew Millas","C","WSH
                 WSH","27","2026","2026","1","$782,700","$782,700","","$782,700","$782,700"
"Mick Abel","SP","MIN
                 MIN","24","2026","2026","1","$782,500","$782,500","","$782,500","$782,500"
"Brice Matthews","SS","HOU
                 HOU","23","2026","2026","1","$782,400","$782,400","","$782,400","$782,400"
"Nathan Church","OF","STL
                 STL","25","2026","2026","1","$782,150","$782,150","","$782,150","$782,150"
"Pierson Ohl","RP","COL
                 COL","26","2026","2026","1","$782,000","$782,000","","$782,000","$782,000"
"Hunter Feduccia","C","LAD
                 LAD","28","2026","2026","1","$782,000","$782,000","","$230,010","$230,010"
"Anthony Seigler","C","BOS
                 BOS","26","2026","2026","1","$782,000","$782,000","","$491,197","$491,197"
"Troy Johnston","OF","COL
                 COL","28","2026","2026","1","$782,000","$782,000","","$782,000","$782,000"
"Chase Dollander","SP","COL
                 COL","23","2026","2026","1","$782,000","$782,000","","$782,000","$782,000"
"Kyle Karros","3B","COL
                 COL","23","2026","2026","1","$782,000","$782,000","","$782,000","$782,000"
"McCade Brown","SP","COL
                 COL","25","2026","2026","1","$782,000","$782,000","","$782,000","$782,000"
"Jaden Hill","RP","COL
                 COL","25","2026","2026","1","$782,000","$782,000","","$782,000","$782,000"
"Zach Agnos","RP","COL
                 COL","25","2026","2026","1","$782,000","$782,000","","$769,075","$769,075"
"Juan Mejia","RP","COL
                 COL","25","2026","2026","1","$782,000","$782,000","","$782,000","$782,000"
"Cristian Mena","RP","ARI
                 ARI","22","2026","2026","1","$782,000","$782,000","","$782,000","$782,000"
"P.J. Poulin","RP","WSH
                 WSH","29","2026","2026","1","$781,900","$781,900","","$702,408","$702,408"
"Craig Yoho","RP","CLE
                 CLE","25","2026","2026","1","$781,600","$781,600","","$229,900","$229,900"
"Bryan Hudson","RP","CHW
                 CHW","28","2026","2026","1","$781,506","$781,506","","$781,506","$781,506"
"Sal Stewart","3B","CIN
                 CIN","21","2026","2026","1","$781,500","$781,500","","$781,500","$781,500"
"Owen Caissie","OF","MIA
                 MIA","23","2026","2026","1","$781,500","$781,500","","$781,500","$781,500"
"Carter Jensen","C","KC
                 KC","22","2026","2026","1","$781,150","$781,150","","$781,150","$781,150"
"Carson Williams","SS","TB
                 TB","22","2026","2026","1","$780,800","$780,800","","$317,300","$317,300"
"Jarred Kelenic","RF","TEX
                 TEX","27","2026","2026","1","$780,000","$780,000","","$196,037","$196,037"
"Andrew Knizner","C","SF
                 SF","31","2026","2026","1","$780,000","$780,000","","$196,037","$196,037"
"Bryse Wilson","RP","MIL
                 MIL","28","2026","2026","1","$780,000","$780,000","","$196,037","$196,037"
"Tanner Rainey","RP","DET
                 DET","33","2026","2026","1","$780,000","$780,000","","$196,037","$196,037"
"Michael Toglia","1B","CIN
                 CIN","27","2026","2026","1","$780,000","$780,000","","$196,037","$196,037"
"Sammy Peralta","RP","LAA
                 LAA","28","2026","2026","1","$780,000","$780,000","","$200,208","$200,208"
"Zack Littell","SP","ARI
                 ARI","30","2026","2026","1","$780,000","$780,000","","$780,000","$780,000"
"Austin Hays","LF","SD
                 SD","31","2026","2026","1","$780,000","$780,000","","$204,379","$204,379"
"Jack Weisenburger","P","NYM
                 NYM","28","2026","2026","1","$780,000","$780,000","","$204,379","$204,379"
"Ji-Hwan Bae","2B","MIL
                 MIL","27","2026","2026","1","$780,000","$780,000","","$204,379","$204,379"
"Craig Kimbrel","RP","KC
                 KC","38","2026","2026","1","$780,000","$780,000","","$204,379","$204,379"
"Hagen Smith","P","CHW
                 CHW","22","2026","2026","1","$780,000","$780,000","","$208,550","$208,550"
"Brett Bateman","OF","TOR
                 TOR","24","2026","2026","1","$780,000","$780,000","","$212,721","$212,721"
"Trent Harris","P","SF
                 SF","27","2026","2026","1","$780,000","$780,000","","$212,721","$212,721"
"Kaelen Culpepper","SS","MIN
                 MIN","23","2026","2026","1","$780,000","$780,000","","$212,721","$212,721"
"Ronny Simon","2B","PIT
                 PIT","26","2026","2026","1","$780,000","$780,000","","$221,063","$221,063"
"Andrew Pinckney","OF","WSH
                 WSH","25","2026","2026","1","$780,000","$780,000","","$225,234","$225,234"
"George Lombard Jr.","SS","NYY
                 NYY","21","2026","2026","1","$780,000","$780,000","","$225,234","$225,234"
"Nathan Lavender","P","NYM
                 NYM","26","2026","2026","1","$780,000","$780,000","","$225,234","$225,234"
"Blake Weiman","RP","LAA
                 LAA","30","2026","2026","1","$780,000","$780,000","","$225,234","$225,234"
"Parker Mushinski","RP","COL
                 COL","30","2026","2026","1","$780,000","$780,000","","$225,234","$225,234"
"Robert Stock","RP","NYM
                 NYM","36","2026","2026","1","$780,000","$780,000","","$233,576","$233,576"
"Nate Furman","2B","SF
                 SF","25","2026","2026","1","$780,000","$780,000","","$237,747","$237,747"
"Luke Murphy","P","LAA
                 LAA","26","2026","2026","1","$780,000","$780,000","","$247,420","$247,420"
"Max Clark","OF","DET
                 DET","21","2026","2026","1","$780,000","$780,000","","$246,097","$246,097"
"Peter Strzelecki","RP","STL
                 STL","31","2026","2026","1","$780,000","$780,000","","$254,431","$254,431"
"Osleivis Basabe","SS","SF
                 SF","25","2026","2026","1","$780,000","$780,000","","$254,431","$254,431"
"Bradley Hanner","P","NYY
                 NYY","27","2026","2026","1","$780,000","$780,000","","$196,037","$196,037"
"Gerardo Carrillo","SP","ARI
                 ARI","27","2026","2026","1","$780,000","$780,000","","$289,847","$289,847"
"Khristian Curtis","P","PIT
                 PIT","24","2026","2026","1","$780,000","$780,000","","$52,428","$52,428"
"Robby Ahlstrom","RP","TEX
                 TEX","27","2026","2026","1","$780,000","$780,000","","$621,479","$621,479"
"Scott Blewett","RP","ATH
                 ATH","30","2026","2026","1","$780,000","$780,000","","$258,602","$258,602"
"Tommy White","3B","ATH
                 ATH","23","2026","2026","1","$780,000","$780,000","","$304,483","$304,483"
"Yunior Tur","P","ATH
                 ATH","26","2026","2026","1","$780,000","$780,000","","$241,918","$241,918"
"Tom Cosgrove","RP","WSH
                 WSH","30","2026","2026","1","$780,000","$780,000","","$329,509","$329,509"
"Luis Gastelum","P","STL
                 STL","24","2026","2026","1","$780,000","$780,000","","$337,851","$337,851"
"Luis Rengifo","2B","SD
                 SD","29","2026","2026","1","$780,000","$780,000","","$337,851","$337,851"
"Brian Serven","C","ATH
                 ATH","31","2026","2026","1","$780,000","$780,000","","$291,970","$291,970"
"Ben Peoples","P","TEX
                 TEX","25","2026","2026","1","$780,000","$780,000","","$354,535","$354,535"
"Jefry Yan","P","NYM
                 NYM","29","2026","2026","1","$780,000","$780,000","","$225,234","$225,234"
"Cameron Cauley","SS","TEX
                 TEX","23","2026","2026","1","$780,000","$780,000","","$1,155,390","$1,155,390"
"Joshua Kuroda-Grauer","SS","ATH
                 ATH","23","2026","2026","1","$780,000","$780,000","","$780,000","$780,000"
"Drew Cavanaugh","C","SF
                 SF","24","2026","2026","1","$780,000","$780,000","","$387,903","$387,903"
"Ben Malgeri","OF","DET
                 DET","26","2026","2026","1","$780,000","$780,000","","$400,416","$400,416"
"Julian Garcia","P","CIN
                 CIN","31","2026","2026","1","$780,000","$780,000","","$410,968","$410,968"
"Brian Navarreto","C","MIA
                 MIA","31","2026","2026","1","$780,000","$780,000","","$412,942","$412,942"
"Weston Wilson","1B","SEA
                 SEA","31","2026","2026","1","$780,000","$780,000","","$417,100","$417,100"
"Max Rajcic","P","STL
                 STL","24","2026","2026","1","$780,000","$780,000","","$421,271","$421,271"
"Randy Dobnak","RP","KC
                 KC","31","2026","2026","1","$780,000","$780,000","","$622,727","$622,727"
"Blaze Jordan","3B","STL
                 STL","23","2026","2026","1","$780,000","$780,000","","$446,297","$446,297"
"Michael Rucker","RP","SEA
                 SEA","32","2026","2026","1","$780,000","$780,000","","$450,468","$450,468"
"Cole Carrigg","C","COL
                 COL","24","2026","2026","1","$780,000","$780,000","","$465,484","$465,484"
"Braden Montgomery","OF","CHW
                 CHW","23","2026","2026","1","$780,000","$780,000","","$458,810","$458,810"
"Max Kepler","LF","ARI
                 ARI","33","2026","2026","1","$780,000","$780,000","","$567,152","$567,152"
"Elias Diaz","C","TEX
                 TEX","35","2026","2026","1","$780,000","$780,000","","$471,323","$471,323"
"Nick Frasso","SP","COL
                 COL","27","2026","2026","1","$780,000","$780,000","","$229,405","$229,405"
"Samy Natera Jr.","P","LAA
                 LAA","26","2026","2026","1","$780,000","$780,000","","$475,494","$475,494"
"Samad Taylor","SS","SD
                 SD","28","2026","2026","1","$780,000","$780,000","","$483,836","$483,836"
"Jase Bowen","CF","SD
                 SD","25","2026","2026","1","$780,000","$780,000","","$488,007","$488,007"
"Beck Way","P","KC
                 KC","26","2026","2026","1","$780,000","$780,000","","$492,193","$492,193"
"Buddy Kennedy","2B","SF
                 SF","27","2026","2026","1","$780,000","$780,000","","$233,576","$233,576"
"Tyler Zuber","RP","MIA
                 MIA","30","2026","2026","1","$780,000","$780,000","","$509,092","$509,092"
"Mike Paredes","P","MIN
                 MIN","25","2026","2026","1","$780,000","$780,000","","$503,226","$503,226"
"Cionel Perez","RP","NYM
                 NYM","30","2026","2026","1","$780,000","$780,000","","$500,520","$500,520"
"Charles McAdoo","2B","TOR
                 TOR","24","2026","2026","1","$780,000","$780,000","","$296,141","$296,141"
"Nicky Lopez","SS","TEX
                 TEX","31","2026","2026","1","$780,000","$780,000","","$513,033","$513,033"
"Jon Heasley","SP","TB
                 TB","29","2026","2026","1","$780,000","$780,000","","$521,375","$521,375"
"Gage Jump","P","ATH
                 ATH","23","2026","2026","1","$780,000","$780,000","","$517,204","$517,204"
"Will Dion","P","WSH
                 WSH","26","2026","2026","1","$780,000","$780,000","","$225,234","$225,234"
"Tommy Troy","SS","ARI
                 ARI","24","2026","2026","1","$780,000","$780,000","","$536,775","$536,775"
"Victor Bericoto","OF","SF
                 SF","24","2026","2026","1","$780,000","$780,000","","$533,888","$533,888"
"Wade Meckler","OF","LAA
                 LAA","26","2026","2026","1","$780,000","$780,000","","$540,968","$540,968"
"Donnie Walton","SS","ATH
                 ATH","31","2026","2026","1","$780,000","$780,000","","$321,167","$321,167"
"Zac Thornton","P","NYM
                 NYM","24","2026","2026","1","$780,000","$780,000","","$337,851","$337,851"
"Victor Mederos","RP","ATL
                 ATL","24","2026","2026","1","$780,000","$780,000","","$426,100","$426,100"
"Daniel Duarte","RP","NYM
                 NYM","29","2026","2026","1","$780,000","$780,000","","$379,197","$379,197"
"Yovanny Cruz","P","WSH
                 WSH","26","2026","2026","1","$780,000","$780,000","","$229,405","$229,405"
"Alika Williams","SS","ATH
                 ATH","27","2026","2026","1","$780,000","$780,000","","$542,230","$542,230"
"A.J. Ewing","SS","NYM
                 NYM","21","2026","2026","1","$780,000","$780,000","","$575,598","$575,598"
"Henry Bolte","OF","ATH
                 ATH","22","2026","2026","1","$780,000","$780,000","","$575,598","$575,598"
"Josh Walker","RP","BAL
                 BAL","31","2026","2026","1","$780,000","$780,000","","$357,014","$357,014"
"Robby Snelling","SP","MIA
                 MIA","22","2026","2026","1","$780,000","$780,000","","$596,471","$596,471"
"Ryan Waldschmidt","OF","ARI
                 ARI","23","2026","2026","1","$780,000","$780,000","","$518,091","$518,091"
"Jim Jarvis","SS","ATL
                 ATL","25","2026","2026","1","$780,000","$780,000","","$423,716","$423,716"
"Brooks Kriske","RP","ATH
                 ATH","32","2026","2026","1","$780,000","$780,000","","$600,624","$600,624"
"Randal Grichuk","RF","CHW
                 CHW","34","2026","2026","1","$780,000","$780,000","","$616,452","$616,452"
"Josh Ekness","P","MIA
                 MIA","24","2026","2026","1","$780,000","$780,000","","$564,033","$564,033"
"Nick Davila","P","SEA
                 SEA","27","2026","2026","1","$780,000","$780,000","","$508,862","$508,862"
"Brian Fitzpatrick","P","MIL
                 MIL","25","2026","2026","1","$780,000","$780,000","","$556,194","$556,194"
"Travis Bazzana","2B","CLE
                 CLE","23","2026","2026","1","$780,000","$780,000","","$633,992","$633,992"
"Sebastian Rivero","C","LAA
                 LAA","27","2026","2026","1","$780,000","$780,000","","$650,001","$650,001"
"Drew Romo","C","CHW
                 CHW","24","2026","2026","1","$780,000","$780,000","","$646,505","$646,505"
"Peyton Gray","P","TEX
                 TEX","30","2026","2026","1","$780,000","$780,000","","$654,847","$654,847"
"Will Wilson","SS","SEA
                 SEA","27","2026","2026","1","$780,000","$780,000","","$667,360","$667,360"
"Sam Antonacci","INF","CHW
                 CHW","23","2026","2026","1","$780,000","$780,000","","$696,130","$696,130"
"Joel Kuhnel","RP","MIL
                 MIL","31","2026","2026","1","$780,000","$780,000","","$479,947","$479,947"
"George Klassen","P","LAA
                 LAA","24","2026","2026","1","$780,000","$780,000","","$241,918","$241,918"
"Dylan Smith","RP","SF
                 SF","25","2026","2026","1","$780,000","$780,000","","$488,007","$488,007"
"Leonardo Jimenez","SS","MIA
                 MIA","24","2026","2026","1","$780,000","$780,000","","$759,145","$759,145"
"Curtis Mead","3B","BOS
                 BOS","25","2026","2026","1","$780,000","$780,000","","$262,773","$262,773"
"Cam Booser","RP","TB
                 TB","33","2026","2026","1","$780,000","$780,000","","$496,349","$496,349"
"Justin Crawford","CF","PHI
                 PHI","22","2026","2026","1","$780,000","$780,000","","$780,000","$780,000"
"Ryan Rolison","RP","CHC
                 CHC","28","2026","2026","1","$780,000","$780,000","","$743,514","$743,514"
"JJ Wetherholt","SS","STL
                 STL","23","2026","2026","1","$780,000","$780,000","","$780,000","$780,000"
"T.J. Rumfield","3B","COL
                 COL","25","2026","2026","1","$780,000","$780,000","","$780,000","$780,000"
"Kevin McGonigle","SS","DET
                 DET","21","2026","2026","1","$780,000","$780,000","","$780,000","$780,000"
"Carson Benge","OF","NYM
                 NYM","23","2026","2026","1","$780,000","$780,000","","$780,000","$780,000"
"Victor Mesa Jr.","OF","TB
                 TB","24","2026","2026","1","$780,000","$780,000","","$525,546","$525,546"
"Jhonny Pereda","C","SEA
                 SEA","29","2026","2026","1","$780,000","$780,000","","$387,903","$387,903"
"Eric Wagaman","1B","NYM
                 NYM","28","2026","2026","1","$780,000","$780,000","","$504,691","$504,691"
"Ryan Watson","P","LAA
                 LAA","28","2026","2026","1","$780,000","$780,000","","",""
"Carter Baumler","P","TEX
                 TEX","23","2026","2026","1","$780,000","$780,000","","$780,000","$780,000"
"Spencer Miles","P","TOR
                 TOR","25","2026","2026","1","$780,000","$780,000","","$780,000","$780,000"
"Daniel Susac","C","SF
                 SF","24","2026","2026","1","$780,000","$780,000","","$780,000","$780,000"
"RJ Petit","P","COL
                 COL","26","2026","2026","1","$780,000","$780,000","","$780,000","$780,000"
"Christian Franklin","OF","BAL
                 BAL","25","2026","2026","1","$780,000","$780,000","","$500,520","$500,520"
"Jake Bennett","P","BOS
                 BOS","24","2026","2026","1","$780,000","$780,000","","$511,830","$511,830"
"Abimelec Ortiz","1B","WSH
                 WSH","23","2026","2026","1","$780,000","$780,000","","$233,576","$233,576"
"Alex Hoppe","P","BAL
                 BAL","26","2026","2026","1","$780,000","$780,000","","$229,405","$229,405"
"Esmerlyn Valdez","OF","PIT
                 PIT","21","2026","2026","1","$780,000","$780,000","","$475,494","$475,494"
"Andrew Painter","P","PHI
                 PHI","22","2026","2026","1","$780,000","$780,000","","$600,624","$600,624"
"Alexander McFarlane","P","PHI
                 PHI","24","2026","2026","1","$780,000","$780,000","","$221,063","$221,063"
"Spencer Jones","RF","NYY
                 NYY","24","2026","2026","1","$780,000","$780,000","","$446,297","$446,297"
"Andrew Morris","RP","MIN
                 MIN","24","2026","2026","1","$780,000","$780,000","","$718,375","$718,375"
"Connor Prielipp","SP","MIN
                 MIN","24","2026","2026","1","$780,000","$780,000","","$676,007","$676,007"
"William Kempner","RP","MIA
                 MIA","24","2026","2026","1","$780,000","$780,000","","$465,857","$465,857"
"Joe Mack","C","MIA
                 MIA","22","2026","2026","1","$780,000","$780,000","","$626,760","$626,760"
"Walbert Urena","P","LAA
                 LAA","21","2026","2026","1","$780,000","$780,000","","$780,000","$780,000"
"Eduardo Valencia","C","DET
                 DET","25","2026","2026","1","$780,000","$780,000","","$347,096","$347,096"
"Hao-Yu Lee","2B","DET
                 DET","22","2026","2026","1","$780,000","$780,000","","$649,746","$649,746"
"Welinton Herrera","P","COL
                 COL","21","2026","2026","1","$780,000","$780,000","","$548,904","$548,904"
"Gabriel Hughes","SP","COL
                 COL","24","2026","2026","1","$780,000","$780,000","","$406,394","$406,394"
"Angel Genao","SS","CLE
                 CLE","21","2026","2026","1","$780,000","$780,000","","$221,063","$221,063"
"Hector Rodriguez","SS","CIN
                 CIN","21","2026","2026","1","$780,000","$780,000","","$225,234","$225,234"
"Tanner Murray","SS","CHW
                 CHW","26","2026","2026","1","$780,000","$780,000","","$741,485","$741,485"
"Tanner McDougal","P","CHW
                 CHW","22","2026","2026","1","$780,000","$780,000","","$208,550","$208,550"
"Riley Martin","P","CHC
                 CHC","27","2026","2026","1","$780,000","$780,000","","$741,485","$741,485"
"James Triantos","3B","CHC
                 CHC","22","2026","2026","1","$780,000","$780,000","","$316,447","$316,447"
"Pedro Ramirez","SS","CHC
                 CHC","21","2026","2026","1","$780,000","$780,000","","$560,459","$560,459"
"Shane Drohan","SP","MIL
                 MIL","26","2026","2026","1","$780,000","$780,000","","$679,859","$679,859"
"Mitch Bratt","P","ARI
                 ARI","22","2026","2026","1","$780,000","$780,000","","$366,251","$366,251"
"Mason Black","SP","KC
                 KC","25","2026","2026","1","$780,000","$780,000","","$375,390","$375,390"
"Kervin Castro","P","NYY
                 NYY","26","2026","2026","1","$780,000","$780,000","","$250,260","$250,260"
"Bryan Torres","C","STL
                 STL","28","2026","2026","1","$780,000","$780,000","","$533,888","$533,888"
"Cole Wilcox","RP","SEA
                 SEA","26","2026","2026","1","$780,000","$780,000","","$542,230","$542,230"
"Chase DeLauter","RF","CLE
                 CLE","24","2026","2026","1","$780,000","$780,000","","$780,000","$780,000"
"Andrew Alvarez","SP","WSH
                 WSH","26","2026","2026","1","$780,000","$780,000","","$542,230","$542,230"
"Jonatan Clase","OF","TOR
                 TOR","23","2026","2026","1","$780,000","$780,000","","$367,048","$367,048"
"Justin Foscue","2B","TEX
                 TEX","26","2026","2026","1","$780,000","$780,000","","$635,825","$635,825"
"Jose Corniell","SP","TEX
                 TEX","22","2026","2026","1","$780,000","$780,000","","$308,654","$308,654"
"Michael Helman","2B","TEX
                 TEX","29","2026","2026","1","$780,000","$780,000","","$550,572","$550,572"
"César Prieto","2B","STL
                 STL","26","2026","2026","1","$780,000","$780,000","","$325,338","$325,338"
"Jimmy Crooks III","C","STL
                 STL","24","2026","2026","1","$780,000","$780,000","","$504,691","$504,691"
"Blas Castano","SP","COL
                 COL","27","2026","2026","1","$780,000","$780,000","","$337,851","$337,851"
"Harry Ford","C","WSH
                 WSH","22","2026","2026","1","$780,000","$780,000","","$300,312","$300,312"
"Jesus Rodriguez","C","SF
                 SF","23","2026","2026","1","$780,000","$780,000","","$454,639","$454,639"
"Carson Whisenhunt","SP","SF
                 SF","24","2026","2026","1","$780,000","$780,000","","$271,115","$271,115"
"Bryce Eldridge","1B","SF
                 SF","20","2026","2026","1","$780,000","$780,000","","$608,966","$608,966"
"Drew Gilbert","CF","SF
                 SF","25","2026","2026","1","$780,000","$780,000","","$688,215","$688,215"
"Carson Seymour","RP","SF
                 SF","26","2026","2026","1","$780,000","$780,000","","$254,431","$254,431"
"Trevor McDonald","SP","SF
                 SF","24","2026","2026","1","$780,000","$780,000","","$596,453","$596,453"
"Grant McCray","CF","SF
                 SF","24","2026","2026","1","$780,000","$780,000","","$329,509","$329,509"
"Blade Tidwell","SP","SF
                 SF","24","2026","2026","1","$780,000","$780,000","","$342,022","$342,022"
"Cam Sanders","RP","BAL
                 BAL","28","2026","2026","1","$780,000","$780,000","","$208,550","$208,550"
"Rafael Flores","C","PIT
                 PIT","24","2026","2026","1","$780,000","$780,000","","$350,364","$350,364"
"Chase Shugart","RP","PHI
                 PHI","28","2026","2026","1","$780,000","$780,000","","$650,676","$650,676"
"Evan Sisk","RP","PIT
                 PIT","28","2026","2026","1","$780,000","$780,000","","$696,557","$696,557"
"Seth Johnson","RP","ATH
                 ATH","27","2026","2026","1","$780,000","$780,000","","$229,405","$229,405"
"Yerry De Los Santos","RP","NYY
                 NYY","27","2026","2026","1","$780,000","$780,000","","$266,944","$266,944"
"Jonathan Pintaro","RP","NYM
                 NYM","27","2026","2026","1","$780,000","$780,000","","$241,918","$241,918"
"Christian Scott","SP","NYM
                 NYM","26","2026","2026","1","$780,000","$780,000","","$638,163","$638,163"
"Alan Roden","RF","MIN
                 MIN","25","2026","2026","1","$780,000","$780,000","","$418,448","$418,448"
"Logan Henderson","SP","MIL
                 MIL","23","2026","2026","1","$780,000","$780,000","","$662,045","$662,045"
"Ryan Gusto","RP","MIA
                 MIA","26","2026","2026","1","$780,000","$780,000","","$528,617","$528,617"
"Josh Simpson","RP","SEA
                 SEA","28","2026","2026","1","$780,000","$780,000","","$291,970","$291,970"
"Cade Gibson","RP","MIA
                 MIA","27","2026","2026","1","$780,000","$780,000","","$622,062","$622,062"
"Denzer Guzman","SS","LAA
                 LAA","21","2026","2026","1","$780,000","$780,000","","$469,678","$469,678"
"Jose Fermin","RP","LAA
                 LAA","23","2026","2026","1","$780,000","$780,000","","$654,698","$654,698"
"Ryan Zeferjahn","RP","CHC
                 CHC","27","2026","2026","1","$780,000","$780,000","","$229,405","$229,405"
"Luinder Avila","RP","KC
                 KC","24","2026","2026","1","$780,000","$780,000","","$682,240","$682,240"
"John Rave","CF","KC
                 KC","27","2026","2026","1","$780,000","$780,000","","$453,819","$453,819"
"Steven Cruz","RP","KC
                 KC","26","2026","2026","1","$780,000","$780,000","","$705,988","$705,988"
"Drew Sommers","RP","DET
                 DET","25","2026","2026","1","$780,000","$780,000","","$560,040","$560,040"
"Chase Lee","RP","TOR
                 TOR","27","2026","2026","1","$780,000","$780,000","","$246,089","$246,089"
"Zac Veen","LF","COL
                 COL","23","2026","2026","1","$780,000","$780,000","","$196,037","$196,037"
"Seth Halvorsen","RP","LAD
                 LAD","25","2026","2026","1","$780,000","$780,000","","$291,498","$291,498"
"Tanner Gordon","SP","COL
                 COL","27","2026","2026","1","$780,000","$780,000","","$719,847","$719,847"
"Franco Aleman","RP","CLE
                 CLE","25","2026","2026","1","$780,000","$780,000","","$367,048","$367,048"
"Petey Halpin","OF","CLE
                 CLE","23","2026","2026","1","$780,000","$780,000","","$608,000","$608,000"
"Blake Dunn","OF","CIN
                 CIN","27","2026","2026","1","$780,000","$780,000","","$648,009","$648,009"
"Luis Mey","RP","CIN
                 CIN","24","2026","2026","1","$780,000","$780,000","","$316,996","$316,996"
"Gavin Hollowell","RP","CHC
                 CHC","27","2026","2026","1","$780,000","$780,000","","$536,935","$536,935"
"Jhostynxon Garcia","OF","PIT
                 PIT","22","2026","2026","1","$780,000","$780,000","","$329,509","$329,509"
"Payton Tolle","SP","BOS
                 BOS","22","2026","2026","1","$780,000","$780,000","","$678,749","$678,749"
"Nick Sogard","2B","BOS
                 BOS","28","2026","2026","1","$780,000","$780,000","","$549,390","$549,390"
"Chayce McDermott","RP","NYM
                 NYM","27","2026","2026","1","$780,000","$780,000","","$225,234","$225,234"
"Brandon Young","SP","BAL
                 BAL","27","2026","2026","1","$780,000","$780,000","","$693,418","$693,418"
"Dylan Dodd","RP","ATL
                 ATL","27","2026","2026","1","$780,000","$780,000","","$703,106","$703,106"
"Brady Basso","RP","ATH
                 ATH","27","2026","2026","1","$780,000","$780,000","","$362,877","$362,877"
"Max Muncy","3B","ATH
                 ATH","23","2026","2026","1","$780,000","$780,000","","$684,044","$684,044"
"Justin Sterner","RP","ATH
                 ATH","29","2026","2026","1","$780,000","$780,000","","$780,000","$780,000"
"Elvis Alvarado","RP","ATH
                 ATH","26","2026","2026","1","$780,000","$780,000","","$579,769","$579,769"
"Carlos Cortes","2B","ATH
                 ATH","28","2026","2026","1","$780,000","$780,000","","$780,000","$780,000"
"Mason Barnett","SP","ATH
                 ATH","24","2026","2026","1","$780,000","$780,000","","$475,494","$475,494"
"Gunnar Hoglund","SP","ATH
                 ATH","25","2026","2026","1","$780,000","$780,000","","$780,000","$780,000"
"Jacob Lopez","SP","ATH
                 ATH","27","2026","2026","1","$780,000","$780,000","","$629,821","$629,821"
"Denzel Clarke","CF","ATH
                 ATH","25","2026","2026","1","$780,000","$780,000","","$780,000","$780,000"
"Jack Perkins","RP","ATH
                 ATH","25","2026","2026","1","$780,000","$780,000","","$713,262","$713,262"
"Philip Abner","RP","ARI
                 ARI","23","2026","2026","1","$780,000","$780,000","","$291,970","$291,970"
"Yilber Diaz","RP","DET
                 DET","25","2026","2026","1","$780,000","$780,000","","$225,234","$225,234"
"Brandyn Garcia","RP","ARI
                 ARI","25","2026","2026","1","$780,000","$780,000","","$650,817","$650,817"
"Luis Ortiz","SP","CLE
                 CLE","26","2026","2026","1","","","","",""
